#EXPERIMENT:1
3154511.1690992694
3154511.1690992694
1920293.0479504077
1920293.0479504077
1920293.0479504077
1920293.0479504077
1920293.0479504077
1899359.9626085649
1554195.0072497772
1554195.0072497772
1554195.0072497772
1395710.093182364
1395710.093182364
1073353.6397636146
1073353.6397636146
1073353.6397636146
1052089.9168479962
995670.5035329409
995670.5035329409
995670.5035329409
995670.5035329409
995670.5035329409
995670.5035329409
995670.5035329409
995670.5035329409
995670.5035329409
995670.5035329409
995670.5035329409
995670.5035329409
995670.5035329409
995670.5035329409
995670.5035329409
995670.5035329409
995670.5035329409
995670.5035329409
995670.5035329409
995670.5035329409
995670.5035329409
995670.5035329409
995670.5035329409
995670.5035329409
995670.5035329409
995670.5035329409
995670.5035329409
995670.5035329409
995670.5035329409
995670.5035329409
995670.5035329409
995670.5035329409
995670.5035329409
995670.5035329409
995670.5035329409
995670.5035329409
995670.5035329409
995670.5035329409
966622.8267107338
966622.8267107338
966622.8267107338
966622.8267107338
966622.8267107338
962766.6457984608
956872.9155894982
955973.9772268176
950560.6655109444
950560.6655109444
950560.6655109444
950560.6655109444
945690.3955404189
945690.3955404189
931364.3774418901
931364.3774418901
931364.3774418901
931364.3774418901
931364.3774418901
931364.3774418901
931364.3774418901
931364.3774418901
931364.3774418901
931364.3774418901
931364.3774418901
931364.3774418901
917932.0750745401
917932.0750745401
917932.0750745401
917932.0750745401
917932.0750745401
917932.0750745401
917932.0750745401
917932.0750745401
917932.0750745401
917932.0750745401
917932.0750745401
917932.0750745401
917932.0750745401
917932.0750745401
917932.0750745401
917932.0750745401
917932.0750745401
917932.0750745401
917932.0750745401
917932.0750745401
917932.0750745401
917932.0750745401
917932.0750745401
917932.0750745401
917932.0750745401
917932.0750745401
917932.0750745401
917932.0750745401
912794.7244024554
912794.7244024554
912794.7244024554
912794.7244024554
912794.7244024554
912794.7244024554
912794.7244024554
912794.7244024554
912794.7244024554
912794.7244024554
912794.7244024554
912794.7244024554
912794.7244024554
912794.7244024554
912794.7244024554
912794.7244024554
912794.7244024554
912794.7244024554
912794.7244024554
912794.7244024554
912794.7244024554
912794.7244024554
912794.7244024554
912794.7244024554
912794.7244024554
912794.7244024554
912794.7244024554
912794.7244024554
912794.7244024554
912794.7244024554
912794.7244024554
912794.7244024554
912794.7244024554
912794.7244024554
912794.7244024554
912794.7244024554
912794.7244024554
912794.7244024554
912794.7244024554
912794.7244024554
912794.7244024554
912794.7244024554
912794.7244024554
912794.7244024554
912794.7244024554
912794.7244024554
912794.7244024554
912794.7244024554
912794.7244024554
912794.7244024554
912794.7244024554
912794.7244024554
912794.7244024554
912794.7244024554
912794.7244024554
912794.7244024554
912794.7244024554
912794.7244024554
912794.7244024554
912794.7244024554
912794.7244024554
912794.7244024554
912794.7244024554
912794.7244024554
912794.7244024554
912794.7244024554
912794.7244024554
912794.7244024554
912794.7244024554
912794.7244024554
912794.7244024554
912794.7244024554
912794.7244024554
912794.7244024554
912794.7244024554
912794.7244024554
912794.7244024554
912794.7244024554
912794.7244024554
912794.7244024554
912794.7244024554
912794.7244024554
912794.7244024554
912794.7244024554
912794.7244024554
912794.7244024554
912794.7244024554
912794.7244024554
912794.7244024554
912794.7244024554
912794.7244024554
912794.7244024554
912794.7244024554
912794.7244024554
912794.7244024554
912794.7244024554
912794.7244024554
912794.7244024554
912794.7244024554
912794.7244024554
912794.7244024554
912794.7244024554
912794.7244024554
912794.7244024554
912794.7244024554
912794.7244024554
912794.7244024554
912794.7244024554
912794.7244024554
912794.7244024554
912794.7244024554
912794.7244024554
912794.7244024554
905802.5807074237
905802.5807074237
905802.5807074237
905802.5807074237
905802.5807074237
905802.5807074237
905802.5807074237
905802.5807074237
905802.5807074237
905802.5807074237
905802.5807074237
905802.5807074237
905802.5807074237
905802.5807074237
905802.5807074237
905802.5807074237
905802.5807074237
905802.5807074237
905802.5807074237
905802.5807074237
905802.5807074237
905802.5807074237
905802.5807074237
905802.5807074237
905802.5807074237
905802.5807074237
905802.5807074237
905802.5807074237
905802.5807074237
905802.5807074237
905802.5807074237
905802.5807074237
905802.5807074237
905802.5807074237
905802.5807074237
905802.5807074237
905802.5807074237
905802.5807074237
905802.5807074237
905802.5807074237
905802.5807074237
905802.5807074237
905802.5807074237
905802.5807074237
905802.5807074237
905802.5807074237
905802.5807074237
905802.5807074237
905802.5807074237
905802.5807074237
905802.5807074237
905802.5807074237
905802.5807074237
905802.5807074237
905802.5807074237
905802.5807074237
905802.5807074237
905802.5807074237
905802.5807074237
905802.5807074237
905802.5807074237
905802.5807074237
905802.5807074237
905802.5807074237
905802.5807074237
905802.5807074237
905802.5807074237
905802.5807074237
905802.5807074237
905802.5807074237
905802.5807074237
905802.5807074237
905802.5807074237
905802.5807074237
905802.5807074237
905802.5807074237
905802.5807074237
905802.5807074237
905802.5807074237
905802.5807074237
905802.5807074237
905802.5807074237
905802.5807074237
905802.5807074237
905802.5807074237
905802.5807074237
905802.5807074237
905802.5807074237
905802.5807074237
905802.5807074237
905802.5807074237
905802.5807074237
905802.5807074237
905802.5807074237
905802.5807074237
905802.5807074237
905802.5807074237
905802.5807074237
905802.5807074237
905802.5807074237
905802.5807074237
905802.5807074237
905802.5807074237
905802.5807074237
905802.5807074237
905802.5807074237
905802.5807074237
905802.5807074237
905802.5807074237
905802.5807074237
905802.5807074237
905802.5807074237
905802.5807074237
905802.5807074237
905802.5807074237
905802.5807074237
905802.5807074237
905802.5807074237
905802.5807074237
905802.5807074237
905802.5807074237
905802.5807074237
905802.5807074237
905802.5807074237
905802.5807074237
905802.5807074237
905802.5807074237
905802.5807074237
905802.5807074237
905802.5807074237
905802.5807074237
905802.5807074237
905802.5807074237
905802.5807074237
905802.5807074237
905802.5807074237
905802.5807074237
905802.5807074237
905802.5807074237
905802.5807074237
905802.5807074237
905802.5807074237
905802.5807074237
905802.5807074237
905802.5807074237
905802.5807074237
905802.5807074237
905802.5807074237
905802.5807074237
905802.5807074237
905802.5807074237
905802.5807074237
905802.5807074237
905802.5807074237
905802.5807074237
905802.5807074237
905802.5807074237
905802.5807074237
905802.5807074237
905802.5807074237
905802.5807074237
905802.5807074237
905802.5807074237
905802.5807074237
905802.5807074237
905802.5807074237
905802.5807074237
905802.5807074237
905802.5807074237
905802.5807074237
905802.5807074237
905802.5807074237
905802.5807074237
905802.5807074237
905802.5807074237
905802.5807074237
905802.5807074237
905802.5807074237
905802.5807074237
905802.5807074237
905802.5807074237
905802.5807074237
905802.5807074237
905802.5807074237
905802.5807074237
905802.5807074237
905802.5807074237
905802.5807074237
905802.5807074237
905802.5807074237
905802.5807074237
905802.5807074237
905802.5807074237
905802.5807074237
905802.5807074237
905802.5807074237
905802.5807074237
905802.5807074237
905802.5807074237
905802.5807074237
905802.5807074237
905802.5807074237
905802.5807074237
905802.5807074237
905802.5807074237
905802.5807074237
905802.5807074237
905802.5807074237
905802.5807074237
905802.5807074237
905802.5807074237
905802.5807074237
905802.5807074237
905802.5807074237
905802.5807074237
905802.5807074237
905802.5807074237
905802.5807074237
905802.5807074237
905802.5807074237
905802.5807074237
905802.5807074237
905802.5807074237
905802.5807074237
905802.5807074237
905802.5807074237
905802.5807074237
905802.5807074237
905802.5807074237
905802.5807074237
905802.5807074237
905802.5807074237
905802.5807074237
905802.5807074237
905802.5807074237
905802.5807074237
905802.5807074237
905802.5807074237
905802.5807074237
905802.5807074237
905802.5807074237
905802.5807074237
905802.5807074237
905802.5807074237
905802.5807074237
905802.5807074237
905802.5807074237
905802.5807074237
905802.5807074237
905802.5807074237
905802.5807074237
905802.5807074237
905802.5807074237
905802.5807074237
905802.5807074237
905802.5807074237
905802.5807074237
905802.5807074237
905802.5807074237
905802.5807074237
905802.5807074237
905802.5807074237
905802.5807074237
905802.5807074237
905802.5807074237
905802.5807074237
905802.5807074237
905802.5807074237
905802.5807074237
905802.5807074237
905802.5807074237
905802.5807074237
905802.5807074237
905802.5807074237
905802.5807074237
905802.5807074237
905802.5807074237
905802.5807074237
905802.5807074237
905802.5807074237
905802.5807074237
905802.5807074237
905802.5807074237
905802.5807074237
905802.5807074237
905802.5807074237
905802.5807074237
905802.5807074237
905802.5807074237
905802.5807074237
905802.5807074237
905802.5807074237
905802.5807074237
905802.5807074237
905802.5807074237
905802.5807074237
905802.5807074237
905802.5807074237
905802.5807074237
905802.5807074237
905802.5807074237
905802.5807074237
905802.5807074237
905802.5807074237
905802.5807074237
905802.5807074237
905802.5807074237
905802.5807074237
905802.5807074237
905802.5807074237
905802.5807074237
905802.5807074237
905802.5807074237
905802.5807074237
905802.5807074237
905802.5807074237
905802.5807074237
905802.5807074237
905802.5807074237
905802.5807074237
905802.5807074237
905802.5807074237
905802.5807074237
905802.5807074237
905802.5807074237
905802.5807074237
905802.5807074237
905802.5807074237
905802.5807074237
905802.5807074237
905802.5807074237
905802.5807074237
905802.5807074237
905802.5807074237
905802.5807074237
905802.5807074237
905802.5807074237
905802.5807074237
905802.5807074237
905802.5807074237
905802.5807074237
905802.5807074237
905802.5807074237
905802.5807074237
905802.5807074237
905802.5807074237
905802.5807074237
905802.5807074237
905802.5807074237
905802.5807074237
905802.5807074237
905802.5807074237
905802.5807074237
905802.5807074237
905802.5807074237
899338.5620275551
899338.5620275551
899338.5620275551
899338.5620275551
899338.5620275551
899338.5620275551
899338.5620275551
899338.5620275551
899338.5620275551
899338.5620275551
899338.5620275551
899338.5620275551
899338.5620275551
899338.5620275551
899338.5620275551
899338.5620275551
899338.5620275551
899338.5620275551
899338.5620275551
899338.5620275551
899338.5620275551
899338.5620275551
899338.5620275551
899338.5620275551
899338.5620275551
899338.5620275551
899338.5620275551
899338.5620275551
899338.5620275551
899338.5620275551
899338.5620275551
899338.5620275551
899338.5620275551
899338.5620275551
899338.5620275551
899338.5620275551
899338.5620275551
899338.5620275551
899338.5620275551
899338.5620275551
899338.5620275551
899338.5620275551
899338.5620275551
899338.5620275551
899338.5620275551
899338.5620275551
899338.5620275551
899338.5620275551
899338.5620275551
899338.5620275551
899338.5620275551
899338.5620275551
899338.5620275551
899338.5620275551
899338.5620275551
899338.5620275551
899338.5620275551
899338.5620275551
899338.5620275551
899338.5620275551
899338.5620275551
899338.5620275551
899338.5620275551
899338.5620275551
899338.5620275551
899338.5620275551
899338.5620275551
899338.5620275551
899338.5620275551
899338.5620275551
899338.5620275551
899338.5620275551
899338.5620275551
899338.5620275551
899338.5620275551
899338.5620275551
899338.5620275551
899338.5620275551
899338.5620275551
899338.5620275551
899338.5620275551
899338.5620275551
899338.5620275551
899338.5620275551
899338.5620275551
899338.5620275551
899338.5620275551
899338.5620275551
899338.5620275551
899338.5620275551
899338.5620275551
899338.5620275551
899338.5620275551
899338.5620275551
899338.5620275551
899338.5620275551
899338.5620275551
899338.5620275551
899338.5620275551
899338.5620275551
899338.5620275551
899338.5620275551
899338.5620275551
899338.5620275551
899338.5620275551
899338.5620275551
899338.5620275551
899338.5620275551
899338.5620275551
899338.5620275551
899338.5620275551
899338.5620275551
899338.5620275551
899338.5620275551
899338.5620275551
899338.5620275551
899338.5620275551
899338.5620275551
899338.5620275551
899338.5620275551
899338.5620275551
899338.5620275551
899338.5620275551
899338.5620275551
899338.5620275551
899338.5620275551
899338.5620275551
899338.5620275551
899338.5620275551
899338.5620275551
899338.5620275551
899338.5620275551
899338.5620275551
899338.5620275551
899338.5620275551
899338.5620275551
899338.5620275551
899338.5620275551
899338.5620275551
899338.5620275551
899338.5620275551
899338.5620275551
899338.5620275551
899338.5620275551
899338.5620275551
899338.5620275551
899338.5620275551
899338.5620275551
899338.5620275551
899338.5620275551
899338.5620275551
899338.5620275551
899338.5620275551
899338.5620275551
899338.5620275551
899338.5620275551
899338.5620275551
899338.5620275551
899338.5620275551
899338.5620275551
899338.5620275551
899338.5620275551
899338.5620275551
899338.5620275551
899338.5620275551
899338.5620275551
899338.5620275551
899338.5620275551
899338.5620275551
899338.5620275551
899338.5620275551
899338.5620275551
899338.5620275551
899338.5620275551
899338.5620275551
899338.5620275551
899338.5620275551
899338.5620275551
899338.5620275551
899338.5620275551
899338.5620275551
899338.5620275551
892403.2767723184
892403.2767723184
892403.2767723184
892403.2767723184
892403.2767723184
892403.2767723184
892403.2767723184
892403.2767723184
892403.2767723184
892403.2767723184
892403.2767723184
892403.2767723184
892403.2767723184
892403.2767723184
892403.2767723184
892403.2767723184
892403.2767723184
892403.2767723184
892403.2767723184
892403.2767723184
892403.2767723184
892403.2767723184
892403.2767723184
892403.2767723184
892403.2767723184
892403.2767723184
892403.2767723184
892403.2767723184
892403.2767723184
892403.2767723184
892403.2767723184
892403.2767723184
892403.2767723184
892403.2767723184
892403.2767723184
892403.2767723184
892403.2767723184
892403.2767723184
892403.2767723184
892403.2767723184
892403.2767723184
892403.2767723184
892403.2767723184
892403.2767723184
892403.2767723184
892403.2767723184
892403.2767723184
892403.2767723184
892403.2767723184
892403.2767723184
892403.2767723184
892403.2767723184
892403.2767723184
892403.2767723184
892403.2767723184
892403.2767723184
892403.2767723184
892403.2767723184
892403.2767723184
892403.2767723184
892403.2767723184
892403.2767723184
892403.2767723184
892403.2767723184
892403.2767723184
892403.2767723184
892403.2767723184
892403.2767723184
892403.2767723184
892403.2767723184
892403.2767723184
892403.2767723184
892403.2767723184
892403.2767723184
892403.2767723184
892403.2767723184
892403.2767723184
892403.2767723184
892403.2767723184
892403.2767723184
892403.2767723184
892403.2767723184
892403.2767723184
892403.2767723184
892403.2767723184
892403.2767723184
892403.2767723184
892403.2767723184
892403.2767723184
892403.2767723184
892403.2767723184
892403.2767723184
892403.2767723184
892403.2767723184
892403.2767723184
892403.2767723184
892403.2767723184
892403.2767723184
892403.2767723184
892403.2767723184
892403.2767723184
892403.2767723184
892403.2767723184
892403.2767723184
892403.2767723184
892403.2767723184
892403.2767723184
892403.2767723184
892403.2767723184
892403.2767723184
892403.2767723184
892403.2767723184
892403.2767723184
892403.2767723184
892403.2767723184
892403.2767723184
892403.2767723184
892403.2767723184
892403.2767723184
892403.2767723184
892403.2767723184
892403.2767723184
892403.2767723184
892403.2767723184
892403.2767723184
892403.2767723184
892403.2767723184
892403.2767723184
892403.2767723184
892403.2767723184
892403.2767723184
892403.2767723184
892403.2767723184
892403.2767723184
892403.2767723184
892403.2767723184
892403.2767723184
892403.2767723184
892403.2767723184
892403.2767723184
892403.2767723184
892403.2767723184
892403.2767723184
892403.2767723184
892403.2767723184
892403.2767723184
892403.2767723184
892403.2767723184
892403.2767723184
892403.2767723184
892403.2767723184
892403.2767723184
892403.2767723184
892403.2767723184
892403.2767723184
892403.2767723184
892403.2767723184
892403.2767723184
892403.2767723184
892403.2767723184
892403.2767723184
892403.2767723184
892403.2767723184
892403.2767723184
892403.2767723184
892403.2767723184
892403.2767723184
892403.2767723184
892403.2767723184
892403.2767723184
892403.2767723184
892403.2767723184
892403.2767723184
892403.2767723184
892403.2767723184
892403.2767723184
892403.2767723184
892403.2767723184
892403.2767723184
892403.2767723184
892403.2767723184
892403.2767723184
892403.2767723184
892403.2767723184
892403.2767723184
892403.2767723184
892403.2767723184
892403.2767723184
892403.2767723184
892403.2767723184
892403.2767723184
892403.2767723184
892403.2767723184
892403.2767723184
892403.2767723184
892403.2767723184
892403.2767723184
892403.2767723184
892403.2767723184
892403.2767723184
892403.2767723184
892403.2767723184
892403.2767723184
892403.2767723184
892403.2767723184
892403.2767723184
892403.2767723184
892403.2767723184
892403.2767723184
892403.2767723184
892403.2767723184
892403.2767723184
892403.2767723184
892403.2767723184
892403.2767723184
892403.2767723184
892403.2767723184
892403.2767723184
892403.2767723184
892403.2767723184
892403.2767723184
892403.2767723184
892403.2767723184
892403.2767723184
892403.2767723184
892403.2767723184
892403.2767723184
892403.2767723184
892403.2767723184
892403.2767723184
892403.2767723184
892403.2767723184
892403.2767723184
892403.2767723184
892403.2767723184
892403.2767723184
892403.2767723184
892403.2767723184
892403.2767723184
892403.2767723184
#EXPERIMENT:2
3067081.6698766747
3067081.6698766747
3067081.6698766747
3003349.6689826883
2489626.237452909
2489626.237452909
2489626.237452909
2489626.237452909
2489626.237452909
2489626.237452909
2489626.237452909
2340191.0565673844
2340191.0565673844
2340191.0565673844
2340191.0565673844
2340191.0565673844
2340191.0565673844
1524364.2362522406
1524364.2362522406
1464352.9317410192
1464352.9317410192
1464352.9317410192
1431316.0613437255
1431316.0613437255
1431316.0613437255
1431316.0613437255
1431316.0613437255
1431316.0613437255
1431316.0613437255
1431316.0613437255
1431316.0613437255
1431316.0613437255
1268297.4310787388
1268297.4310787388
1268297.4310787388
1268297.4310787388
1268297.4310787388
1268297.4310787388
1262288.7789443762
1262288.7789443762
1262288.7789443762
1262288.7789443762
1262288.7789443762
1262288.7789443762
1262288.7789443762
1262288.7789443762
1262288.7789443762
1262288.7789443762
1262288.7789443762
1262288.7789443762
1262288.7789443762
1262288.7789443762
1262288.7789443762
1250185.6994994876
1250185.6994994876
1250185.6994994876
1250185.6994994876
1250185.6994994876
1097866.991874952
1097866.991874952
1097866.991874952
1097866.991874952
1097866.991874952
1067960.5665691674
1067960.5665691674
1067960.5665691674
1062836.672074549
1062836.672074549
1062836.672074549
1062836.672074549
1062836.672074549
1062836.672074549
1062836.672074549
1062836.672074549
1062836.672074549
1062836.672074549
1062836.672074549
1062836.672074549
1062836.672074549
1062836.672074549
1062836.672074549
1062836.672074549
1062836.672074549
1062836.672074549
1062836.672074549
1062836.672074549
1062836.672074549
1062836.672074549
1062836.672074549
1062836.672074549
1062836.672074549
1062836.672074549
1062836.672074549
1062836.672074549
1062836.672074549
1062836.672074549
1062836.672074549
1040618.1292353226
1040618.1292353226
1040618.1292353226
1040618.1292353226
1040618.1292353226
1040618.1292353226
1040618.1292353226
1040618.1292353226
1040618.1292353226
1040618.1292353226
1040618.1292353226
1040618.1292353226
1040618.1292353226
1040618.1292353226
1040618.1292353226
1040618.1292353226
1040618.1292353226
1040618.1292353226
1040618.1292353226
1040618.1292353226
1040618.1292353226
1040618.1292353226
1040618.1292353226
1040618.1292353226
1040618.1292353226
1040618.1292353226
1040618.1292353226
1040618.1292353226
1040618.1292353226
1040618.1292353226
1040618.1292353226
1040618.1292353226
1040618.1292353226
1040618.1292353226
1040618.1292353226
1040618.1292353226
1040618.1292353226
1040618.1292353226
1040618.1292353226
1040618.1292353226
1040618.1292353226
1040618.1292353226
1040618.1292353226
1040618.1292353226
1040618.1292353226
1040618.1292353226
1040618.1292353226
1040618.1292353226
1040618.1292353226
1040618.1292353226
1040618.1292353226
1040618.1292353226
1040618.1292353226
1040618.1292353226
1040618.1292353226
1040618.1292353226
1040618.1292353226
1040618.1292353226
1040618.1292353226
1040618.1292353226
1040618.1292353226
1040618.1292353226
1040618.1292353226
1040618.1292353226
1040618.1292353226
1040618.1292353226
1040618.1292353226
1040618.1292353226
1040618.1292353226
1040618.1292353226
1040618.1292353226
1040618.1292353226
1040618.1292353226
1040618.1292353226
1040618.1292353226
1040618.1292353226
1040618.1292353226
1040618.1292353226
1040618.1292353226
1040618.1292353226
1040618.1292353226
1040618.1292353226
1040618.1292353226
1040618.1292353226
1040618.1292353226
1040618.1292353226
1040618.1292353226
1040618.1292353226
1040618.1292353226
1040618.1292353226
1040618.1292353226
1040618.1292353226
1040618.1292353226
1040618.1292353226
1040618.1292353226
1040618.1292353226
1040618.1292353226
1040618.1292353226
1040618.1292353226
1040618.1292353226
1040618.1292353226
1040618.1292353226
1040618.1292353226
1040618.1292353226
1040618.1292353226
1040618.1292353226
1040618.1292353226
1040618.1292353226
1040618.1292353226
1040618.1292353226
1040618.1292353226
1040618.1292353226
1040618.1292353226
1040618.1292353226
1040618.1292353226
1040618.1292353226
1040618.1292353226
1040618.1292353226
1040618.1292353226
1040618.1292353226
1040618.1292353226
1040618.1292353226
1040618.1292353226
1040618.1292353226
1040618.1292353226
1040618.1292353226
1040618.1292353226
1040618.1292353226
1040618.1292353226
1040618.1292353226
1040618.1292353226
1040618.1292353226
1040618.1292353226
1040618.1292353226
1040618.1292353226
1040618.1292353226
1040618.1292353226
1040618.1292353226
1040618.1292353226
1040618.1292353226
1040618.1292353226
1040618.1292353226
1040618.1292353226
1040618.1292353226
1040618.1292353226
1040618.1292353226
1040618.1292353226
1040618.1292353226
1040618.1292353226
1040618.1292353226
1040618.1292353226
1040618.1292353226
1040618.1292353226
1040618.1292353226
1040618.1292353226
1040618.1292353226
1040618.1292353226
1040618.1292353226
1040618.1292353226
1040618.1292353226
1040618.1292353226
1040618.1292353226
1040618.1292353226
1040618.1292353226
1040618.1292353226
1040618.1292353226
1040618.1292353226
1040618.1292353226
1040618.1292353226
1040618.1292353226
1040618.1292353226
1040618.1292353226
1040618.1292353226
1040618.1292353226
1040618.1292353226
1040618.1292353226
1040618.1292353226
1040618.1292353226
1040618.1292353226
1040618.1292353226
1040618.1292353226
1040618.1292353226
1040618.1292353226
1040618.1292353226
1040618.1292353226
1040618.1292353226
1040618.1292353226
1040618.1292353226
1040618.1292353226
1036189.6848415707
1036189.6848415707
1036189.6848415707
1036189.6848415707
1036189.6848415707
1036189.6848415707
1036189.6848415707
1036189.6848415707
1036189.6848415707
1036189.6848415707
1036189.6848415707
1036189.6848415707
1036189.6848415707
1036189.6848415707
1036189.6848415707
1036189.6848415707
1036189.6848415707
1036189.6848415707
1036189.6848415707
1036189.6848415707
1036189.6848415707
1036189.6848415707
1036189.6848415707
1036189.6848415707
1036189.6848415707
1036189.6848415707
1036189.6848415707
1036189.6848415707
1036189.6848415707
1036189.6848415707
1036189.6848415707
1036189.6848415707
1036189.6848415707
1036189.6848415707
1036189.6848415707
1036189.6848415707
1036189.6848415707
1036189.6848415707
1036189.6848415707
1036189.6848415707
1036189.6848415707
1036189.6848415707
1036189.6848415707
1036189.6848415707
1036189.6848415707
1036189.6848415707
1036189.6848415707
1036189.6848415707
1036189.6848415707
1036189.6848415707
1036189.6848415707
1036189.6848415707
1036189.6848415707
1036189.6848415707
1036189.6848415707
1036189.6848415707
1036189.6848415707
1036189.6848415707
1036189.6848415707
1036189.6848415707
1036189.6848415707
1036189.6848415707
1036189.6848415707
1036189.6848415707
1036189.6848415707
1036189.6848415707
1036189.6848415707
1036189.6848415707
1036189.6848415707
1036189.6848415707
1036189.6848415707
1036189.6848415707
1036189.6848415707
1036189.6848415707
1036189.6848415707
1036189.6848415707
1036189.6848415707
1036189.6848415707
1036189.6848415707
1036189.6848415707
1036189.6848415707
1036189.6848415707
1036189.6848415707
1036189.6848415707
1036189.6848415707
1036189.6848415707
1036189.6848415707
1036189.6848415707
1036189.6848415707
1036189.6848415707
1036189.6848415707
1036189.6848415707
1036189.6848415707
1036189.6848415707
1036189.6848415707
1036189.6848415707
1036189.6848415707
1036189.6848415707
1036189.6848415707
1036189.6848415707
1036189.6848415707
1036189.6848415707
1036189.6848415707
1036189.6848415707
1036189.6848415707
1036189.6848415707
1036189.6848415707
1036189.6848415707
1036189.6848415707
1036189.6848415707
1036189.6848415707
1036189.6848415707
1036189.6848415707
1036189.6848415707
1036189.6848415707
1036189.6848415707
1036189.6848415707
1036189.6848415707
1036189.6848415707
1036189.6848415707
1036189.6848415707
1036189.6848415707
1036189.6848415707
1036189.6848415707
1036189.6848415707
1036189.6848415707
1036189.6848415707
1036189.6848415707
1036189.6848415707
1036189.6848415707
1036189.6848415707
1036189.6848415707
1036189.6848415707
1036189.6848415707
1036189.6848415707
1036189.6848415707
1036189.6848415707
1036189.6848415707
1036189.6848415707
1036189.6848415707
1036189.6848415707
1036189.6848415707
1036189.6848415707
1036189.6848415707
1036189.6848415707
1036189.6848415707
1036189.6848415707
1036189.6848415707
1036189.6848415707
1036189.6848415707
1036189.6848415707
1036189.6848415707
1036189.6848415707
1036189.6848415707
1036189.6848415707
1036189.6848415707
1036189.6848415707
1036189.6848415707
1036189.6848415707
1036189.6848415707
1036189.6848415707
1036189.6848415707
1036189.6848415707
1036189.6848415707
1036189.6848415707
1036189.6848415707
1036189.6848415707
1036189.6848415707
1036189.6848415707
1036189.6848415707
1036189.6848415707
1036189.6848415707
1036189.6848415707
1036189.6848415707
1036189.6848415707
1036189.6848415707
1036189.6848415707
1036189.6848415707
1036189.6848415707
1036189.6848415707
1036189.6848415707
1036189.6848415707
1036189.6848415707
1036189.6848415707
1036189.6848415707
1036189.6848415707
1036189.6848415707
1036189.6848415707
1036189.6848415707
1036189.6848415707
1036189.6848415707
1036189.6848415707
1036189.6848415707
1036189.6848415707
1036189.6848415707
1036189.6848415707
1036189.6848415707
1036189.6848415707
1036189.6848415707
1036189.6848415707
1036189.6848415707
1036189.6848415707
1036189.6848415707
1036189.6848415707
1036189.6848415707
1036189.6848415707
1036189.6848415707
1036189.6848415707
1036189.6848415707
1036189.6848415707
1036189.6848415707
1036189.6848415707
1036189.6848415707
1036189.6848415707
1036189.6848415707
1036189.6848415707
1036189.6848415707
1036189.6848415707
1036189.6848415707
1036189.6848415707
1036189.6848415707
1036189.6848415707
1036189.6848415707
1036189.6848415707
1036189.6848415707
1036189.6848415707
1036189.6848415707
1036189.6848415707
1036189.6848415707
1036189.6848415707
1036189.6848415707
1036189.6848415707
1036189.6848415707
1036189.6848415707
1036189.6848415707
1036189.6848415707
1036189.6848415707
1036189.6848415707
1036189.6848415707
1036189.6848415707
1036189.6848415707
1036189.6848415707
1036189.6848415707
1036189.6848415707
1036189.6848415707
1036189.6848415707
1036189.6848415707
1036189.6848415707
1036189.6848415707
1036189.6848415707
1036189.6848415707
1036189.6848415707
1036189.6848415707
1036189.6848415707
1036189.6848415707
1036189.6848415707
1036189.6848415707
1036189.6848415707
1036189.6848415707
1036189.6848415707
1036189.6848415707
1036189.6848415707
1036189.6848415707
1036189.6848415707
1036189.6848415707
1036189.6848415707
1036189.6848415707
1036189.6848415707
1036189.6848415707
1036189.6848415707
1036189.6848415707
1036189.6848415707
1036189.6848415707
1036189.6848415707
1036189.6848415707
1036189.6848415707
1036189.6848415707
1036189.6848415707
1036189.6848415707
1036189.6848415707
1036189.6848415707
1015264.6613077708
1015264.6613077708
1015264.6613077708
1015264.6613077708
1015264.6613077708
1015264.6613077708
1015264.6613077708
1015264.6613077708
1015264.6613077708
1015264.6613077708
1015264.6613077708
1015264.6613077708
1015264.6613077708
1015264.6613077708
1015264.6613077708
1015264.6613077708
1015264.6613077708
1015264.6613077708
1015264.6613077708
1011998.4944718739
1011998.4944718739
1011998.4944718739
1011998.4944718739
1011998.4944718739
1011998.4944718739
1011998.4944718739
1004068.4550791451
1004068.4550791451
1004068.4550791451
1004068.4550791451
1004068.4550791451
1004068.4550791451
1004068.4550791451
1004068.4550791451
1001536.3668686992
1001536.3668686992
1001536.3668686992
1001536.3668686992
1001536.3668686992
1001536.3668686992
1001536.3668686992
1001536.3668686992
1001536.3668686992
1001536.3668686992
1001536.3668686992
1001536.3668686992
1001536.3668686992
1001536.3668686992
1001536.3668686992
1001536.3668686992
1001536.3668686992
1001536.3668686992
1001536.3668686992
1001536.3668686992
1001536.3668686992
1001536.3668686992
1001536.3668686992
1001536.3668686992
1001536.3668686992
1001536.3668686992
1001536.3668686992
1001536.3668686992
1001536.3668686992
1001536.3668686992
1001536.3668686992
1001536.3668686992
1001536.3668686992
1001536.3668686992
1001536.3668686992
1001536.3668686992
1001536.3668686992
1001536.3668686992
1001536.3668686992
1001536.3668686992
1001536.3668686992
1001536.3668686992
1001536.3668686992
1001536.3668686992
1001536.3668686992
1001536.3668686992
1001536.3668686992
1001536.3668686992
1001536.3668686992
1001536.3668686992
1001536.3668686992
1001536.3668686992
1001536.3668686992
1001536.3668686992
1001536.3668686992
1001536.3668686992
1001536.3668686992
1001536.3668686992
1001536.3668686992
1001536.3668686992
1001536.3668686992
1001536.3668686992
1001536.3668686992
1001536.3668686992
1001536.3668686992
1001536.3668686992
1001536.3668686992
1001536.3668686992
1001536.3668686992
1001536.3668686992
1001536.3668686992
1001536.3668686992
1001536.3668686992
1001536.3668686992
1001536.3668686992
1001536.3668686992
1001536.3668686992
1001536.3668686992
1001536.3668686992
1001536.3668686992
1001536.3668686992
1001536.3668686992
1001536.3668686992
1001536.3668686992
1001536.3668686992
1001536.3668686992
1001536.3668686992
1001536.3668686992
1001536.3668686992
1001536.3668686992
993116.2337645324
993116.2337645324
993116.2337645324
993116.2337645324
993116.2337645324
993116.2337645324
993116.2337645324
993116.2337645324
993116.2337645324
993116.2337645324
993116.2337645324
993116.2337645324
993116.2337645324
993116.2337645324
993116.2337645324
993116.2337645324
993116.2337645324
993116.2337645324
993116.2337645324
993116.2337645324
993116.2337645324
993116.2337645324
993116.2337645324
993116.2337645324
993116.2337645324
993116.2337645324
993116.2337645324
993116.2337645324
993116.2337645324
993116.2337645324
993116.2337645324
993116.2337645324
993116.2337645324
993116.2337645324
993116.2337645324
993116.2337645324
993116.2337645324
993116.2337645324
993116.2337645324
993116.2337645324
993116.2337645324
993116.2337645324
993116.2337645324
993116.2337645324
993116.2337645324
993116.2337645324
993116.2337645324
993116.2337645324
993116.2337645324
993116.2337645324
993116.2337645324
993116.2337645324
993116.2337645324
993116.2337645324
993116.2337645324
993116.2337645324
993116.2337645324
993116.2337645324
993116.2337645324
993116.2337645324
993116.2337645324
993116.2337645324
993116.2337645324
993116.2337645324
993116.2337645324
993116.2337645324
993116.2337645324
993116.2337645324
993116.2337645324
993116.2337645324
993116.2337645324
993116.2337645324
993116.2337645324
993116.2337645324
993116.2337645324
993116.2337645324
993116.2337645324
993116.2337645324
993116.2337645324
993116.2337645324
993116.2337645324
993116.2337645324
993116.2337645324
993116.2337645324
993116.2337645324
993116.2337645324
993116.2337645324
993116.2337645324
993116.2337645324
993116.2337645324
993116.2337645324
993116.2337645324
993116.2337645324
993116.2337645324
993116.2337645324
993116.2337645324
993116.2337645324
993116.2337645324
993116.2337645324
993116.2337645324
993116.2337645324
993116.2337645324
993116.2337645324
993116.2337645324
993116.2337645324
993116.2337645324
993116.2337645324
993116.2337645324
993116.2337645324
993116.2337645324
993116.2337645324
993116.2337645324
993116.2337645324
993116.2337645324
993116.2337645324
993116.2337645324
993116.2337645324
993116.2337645324
993116.2337645324
993116.2337645324
993116.2337645324
993116.2337645324
993116.2337645324
993116.2337645324
993116.2337645324
993116.2337645324
993116.2337645324
993116.2337645324
993116.2337645324
993116.2337645324
993116.2337645324
993116.2337645324
977770.9739672524
977770.9739672524
977770.9739672524
977770.9739672524
977770.9739672524
977770.9739672524
977770.9739672524
977770.9739672524
977770.9739672524
977770.9739672524
975427.8355517919
975427.8355517919
975427.8355517919
975427.8355517919
975427.8355517919
975427.8355517919
975427.8355517919
975427.8355517919
975427.8355517919
975427.8355517919
975427.8355517919
975427.8355517919
975427.8355517919
975427.8355517919
975427.8355517919
975427.8355517919
975427.8355517919
975427.8355517919
975427.8355517919
975427.8355517919
975427.8355517919
975427.8355517919
975427.8355517919
975427.8355517919
975427.8355517919
975427.8355517919
975427.8355517919
975427.8355517919
975427.8355517919
975427.8355517919
975427.8355517919
975427.8355517919
975427.8355517919
975427.8355517919
975427.8355517919
975427.8355517919
975427.8355517919
975427.8355517919
975427.8355517919
975427.8355517919
975427.8355517919
975427.8355517919
975427.8355517919
975427.8355517919
975427.8355517919
975427.8355517919
975427.8355517919
975427.8355517919
975427.8355517919
975427.8355517919
975427.8355517919
975427.8355517919
975427.8355517919
975427.8355517919
975427.8355517919
975427.8355517919
975427.8355517919
975427.8355517919
975427.8355517919
975427.8355517919
975427.8355517919
975427.8355517919
975427.8355517919
975427.8355517919
975427.8355517919
975427.8355517919
975427.8355517919
975427.8355517919
975427.8355517919
975427.8355517919
975427.8355517919
975427.8355517919
975427.8355517919
975427.8355517919
975427.8355517919
975427.8355517919
975427.8355517919
975427.8355517919
975427.8355517919
975427.8355517919
975427.8355517919
975427.8355517919
975427.8355517919
975427.8355517919
975427.8355517919
975427.8355517919
975427.8355517919
975427.8355517919
975427.8355517919
975427.8355517919
975427.8355517919
975427.8355517919
975427.8355517919
975427.8355517919
975427.8355517919
975427.8355517919
975427.8355517919
975427.8355517919
975427.8355517919
975427.8355517919
975427.8355517919
975427.8355517919
975427.8355517919
975427.8355517919
975427.8355517919
975427.8355517919
975427.8355517919
975427.8355517919
975427.8355517919
975427.8355517919
975427.8355517919
975427.8355517919
975427.8355517919
975427.8355517919
975427.8355517919
975427.8355517919
975427.8355517919
975427.8355517919
975427.8355517919
975427.8355517919
975427.8355517919
975427.8355517919
975427.8355517919
975427.8355517919
975427.8355517919
975427.8355517919
975427.8355517919
975427.8355517919
975427.8355517919
975427.8355517919
975427.8355517919
975427.8355517919
975427.8355517919
975427.8355517919
975427.8355517919
975427.8355517919
975427.8355517919
975427.8355517919
975427.8355517919
975427.8355517919
975427.8355517919
975427.8355517919
975427.8355517919
975427.8355517919
975427.8355517919
975427.8355517919
975427.8355517919
975427.8355517919
975427.8355517919
975427.8355517919
975427.8355517919
975427.8355517919
975427.8355517919
975427.8355517919
975427.8355517919
975427.8355517919
975427.8355517919
975427.8355517919
975427.8355517919
975427.8355517919
975427.8355517919
975427.8355517919
975427.8355517919
975427.8355517919
975427.8355517919
975427.8355517919
#EXPERIMENT:3
3127457.0747979367
3127457.0747979367
3127457.0747979367
3127457.0747979367
3013502.8981928374
3013502.8981928374
3013502.8981928374
3013502.8981928374
2794252.7435618103
2794252.7435618103
2725690.3020782243
2570438.8463688237
2570438.8463688237
2440592.6591257663
2440592.6591257663
2140635.440334086
2140635.440334086
2140635.440334086
2140635.440334086
2139619.4625231316
2139619.4625231316
1418251.5387730186
1338938.5008457934
1338938.5008457934
1338938.5008457934
1338938.5008457934
1338938.5008457934
1166598.2014584062
1166598.2014584062
1147940.4010594941
1147940.4010594941
1147940.4010594941
1147940.4010594941
1147940.4010594941
1136605.2688410794
1096037.3701918535
1096037.3701918535
1096037.3701918535
1062801.2895057378
1054467.5727761893
971709.1671173801
971709.1671173801
971709.1671173801
971709.1671173801
971709.1671173801
971709.1671173801
971709.1671173801
971709.1671173801
971709.1671173801
971709.1671173801
971709.1671173801
971709.1671173801
971709.1671173801
971709.1671173801
971709.1671173801
971709.1671173801
971709.1671173801
955947.373229553
955947.373229553
955947.373229553
955947.373229553
955947.373229553
955947.373229553
955947.373229553
955947.373229553
955947.373229553
955947.373229553
955947.373229553
955947.373229553
955947.373229553
945677.8473326138
945677.8473326138
945677.8473326138
945677.8473326138
945677.8473326138
945677.8473326138
945677.8473326138
945677.8473326138
945677.8473326138
945677.8473326138
945677.8473326138
945677.8473326138
945677.8473326138
945677.8473326138
906643.5272188189
906643.5272188189
906643.5272188189
906643.5272188189
861959.2552628808
852823.3583900039
852823.3583900039
852823.3583900039
852823.3583900039
852823.3583900039
852823.3583900039
852823.3583900039
850464.3671346173
850464.3671346173
850464.3671346173
850464.3671346173
850464.3671346173
850464.3671346173
850464.3671346173
850464.3671346173
850464.3671346173
850464.3671346173
850464.3671346173
850464.3671346173
850464.3671346173
850464.3671346173
850464.3671346173
850464.3671346173
850464.3671346173
823496.6122484116
823496.6122484116
823496.6122484116
823496.6122484116
823496.6122484116
823496.6122484116
823496.6122484116
823496.6122484116
823496.6122484116
823496.6122484116
823496.6122484116
823496.6122484116
823496.6122484116
823496.6122484116
823496.6122484116
823496.6122484116
823496.6122484116
823496.6122484116
823496.6122484116
823496.6122484116
823496.6122484116
823496.6122484116
823496.6122484116
823496.6122484116
823496.6122484116
823496.6122484116
823496.6122484116
823496.6122484116
823496.6122484116
823496.6122484116
823496.6122484116
823496.6122484116
823496.6122484116
823496.6122484116
823496.6122484116
823496.6122484116
823496.6122484116
823496.6122484116
823496.6122484116
823496.6122484116
823496.6122484116
823496.6122484116
823496.6122484116
823496.6122484116
823496.6122484116
823496.6122484116
823496.6122484116
823496.6122484116
823496.6122484116
823496.6122484116
823496.6122484116
823496.6122484116
823496.6122484116
823496.6122484116
823496.6122484116
823496.6122484116
823496.6122484116
823496.6122484116
823496.6122484116
823496.6122484116
823496.6122484116
823496.6122484116
823496.6122484116
823496.6122484116
823496.6122484116
823496.6122484116
823496.6122484116
818741.038158962
818741.038158962
818741.038158962
818741.038158962
766173.6700720431
766173.6700720431
766173.6700720431
766173.6700720431
764978.4291129906
764978.4291129906
764978.4291129906
747523.487403956
747523.487403956
747523.487403956
747523.487403956
747523.487403956
747523.487403956
731617.6906239481
731617.6906239481
731617.6906239481
731617.6906239481
731617.6906239481
731617.6906239481
731617.6906239481
731617.6906239481
724372.7063092168
724372.7063092168
724372.7063092168
724372.7063092168
724372.7063092168
724372.7063092168
724372.7063092168
724372.7063092168
724372.7063092168
724372.7063092168
724372.7063092168
681497.0065697869
681497.0065697869
662523.2629363158
662523.2629363158
662523.2629363158
662523.2629363158
662523.2629363158
662523.2629363158
662523.2629363158
662523.2629363158
662523.2629363158
662523.2629363158
662523.2629363158
662523.2629363158
662523.2629363158
662523.2629363158
659057.097580017
659057.097580017
659057.097580017
659057.097580017
659057.097580017
659057.097580017
659057.097580017
659057.097580017
659057.097580017
659057.097580017
659057.097580017
659057.097580017
659057.097580017
659057.097580017
659057.097580017
659057.097580017
659057.097580017
659057.097580017
659057.097580017
659057.097580017
659057.097580017
659057.097580017
659057.097580017
659057.097580017
659057.097580017
654452.4022055157
654452.4022055157
654452.4022055157
654452.4022055157
654452.4022055157
654452.4022055157
654452.4022055157
654452.4022055157
654452.4022055157
654452.4022055157
654452.4022055157
654452.4022055157
654452.4022055157
654452.4022055157
654452.4022055157
654452.4022055157
654452.4022055157
654452.4022055157
654452.4022055157
654452.4022055157
654452.4022055157
654452.4022055157
654452.4022055157
654452.4022055157
654452.4022055157
654452.4022055157
654452.4022055157
654452.4022055157
654452.4022055157
654452.4022055157
654452.4022055157
654452.4022055157
654452.4022055157
654452.4022055157
654452.4022055157
654452.4022055157
654452.4022055157
654452.4022055157
654452.4022055157
654452.4022055157
654452.4022055157
622817.8953716431
622817.8953716431
622817.8953716431
622817.8953716431
622817.8953716431
622817.8953716431
622817.8953716431
622817.8953716431
622817.8953716431
622817.8953716431
622817.8953716431
622817.8953716431
622817.8953716431
622817.8953716431
622817.8953716431
622817.8953716431
622817.8953716431
622817.8953716431
622817.8953716431
622817.8953716431
622817.8953716431
622817.8953716431
622817.8953716431
622817.8953716431
622817.8953716431
622817.8953716431
622817.8953716431
622817.8953716431
622817.8953716431
622817.8953716431
622817.8953716431
622817.8953716431
622817.8953716431
622817.8953716431
622817.8953716431
622817.8953716431
622817.8953716431
622817.8953716431
622817.8953716431
622817.8953716431
622817.8953716431
622817.8953716431
622817.8953716431
622817.8953716431
622817.8953716431
622817.8953716431
622817.8953716431
622817.8953716431
622817.8953716431
622817.8953716431
622817.8953716431
622817.8953716431
622817.8953716431
622817.8953716431
622817.8953716431
622817.8953716431
622817.8953716431
622817.8953716431
622817.8953716431
622817.8953716431
622817.8953716431
622817.8953716431
622817.8953716431
622817.8953716431
622817.8953716431
622817.8953716431
622817.8953716431
622817.8953716431
622817.8953716431
622817.8953716431
622817.8953716431
622817.8953716431
622817.8953716431
622817.8953716431
622817.8953716431
622817.8953716431
622817.8953716431
622817.8953716431
622817.8953716431
622817.8953716431
622817.8953716431
622817.8953716431
622817.8953716431
622817.8953716431
622817.8953716431
622817.8953716431
622817.8953716431
622817.8953716431
622817.8953716431
622817.8953716431
622817.8953716431
622817.8953716431
622817.8953716431
622817.8953716431
622817.8953716431
622817.8953716431
622817.8953716431
622817.8953716431
622817.8953716431
622817.8953716431
622817.8953716431
622817.8953716431
622817.8953716431
622817.8953716431
622817.8953716431
622817.8953716431
622817.8953716431
622817.8953716431
622817.8953716431
622817.8953716431
622817.8953716431
622817.8953716431
622817.8953716431
622817.8953716431
622817.8953716431
622817.8953716431
622817.8953716431
622817.8953716431
622817.8953716431
622817.8953716431
622817.8953716431
622817.8953716431
622817.8953716431
622817.8953716431
622817.8953716431
622817.8953716431
622817.8953716431
622817.8953716431
622817.8953716431
622817.8953716431
622817.8953716431
622817.8953716431
622817.8953716431
622817.8953716431
622817.8953716431
622817.8953716431
622817.8953716431
622817.8953716431
622817.8953716431
622817.8953716431
622817.8953716431
622817.8953716431
622817.8953716431
622817.8953716431
622817.8953716431
622817.8953716431
622817.8953716431
622817.8953716431
622817.8953716431
622817.8953716431
622817.8953716431
622817.8953716431
622817.8953716431
622817.8953716431
622817.8953716431
622817.8953716431
622817.8953716431
622817.8953716431
622817.8953716431
622817.8953716431
622817.8953716431
622817.8953716431
622817.8953716431
622817.8953716431
622817.8953716431
622817.8953716431
622817.8953716431
622817.8953716431
622817.8953716431
622817.8953716431
622817.8953716431
622817.8953716431
622817.8953716431
622817.8953716431
622817.8953716431
622817.8953716431
622817.8953716431
622817.8953716431
622817.8953716431
622817.8953716431
622817.8953716431
622817.8953716431
622817.8953716431
622817.8953716431
622817.8953716431
622817.8953716431
622817.8953716431
622817.8953716431
622817.8953716431
622817.8953716431
622817.8953716431
622817.8953716431
622817.8953716431
622817.8953716431
622817.8953716431
622817.8953716431
622817.8953716431
622817.8953716431
622817.8953716431
622817.8953716431
622817.8953716431
622817.8953716431
622817.8953716431
622817.8953716431
622817.8953716431
622817.8953716431
622817.8953716431
622817.8953716431
622817.8953716431
622817.8953716431
622817.8953716431
622817.8953716431
622817.8953716431
622817.8953716431
622817.8953716431
622817.8953716431
622817.8953716431
622817.8953716431
622817.8953716431
622817.8953716431
622817.8953716431
622817.8953716431
622817.8953716431
622817.8953716431
622817.8953716431
622817.8953716431
622817.8953716431
622817.8953716431
622817.8953716431
622817.8953716431
622817.8953716431
622817.8953716431
622817.8953716431
622817.8953716431
622817.8953716431
622817.8953716431
622817.8953716431
622817.8953716431
622817.8953716431
622817.8953716431
622817.8953716431
622817.8953716431
622817.8953716431
622817.8953716431
622817.8953716431
622817.8953716431
622817.8953716431
622817.8953716431
622817.8953716431
622817.8953716431
622817.8953716431
622817.8953716431
622817.8953716431
622817.8953716431
622817.8953716431
622817.8953716431
622817.8953716431
622817.8953716431
622817.8953716431
622817.8953716431
622817.8953716431
622817.8953716431
622817.8953716431
622817.8953716431
622817.8953716431
622817.8953716431
622817.8953716431
622817.8953716431
622817.8953716431
622817.8953716431
622817.8953716431
622817.8953716431
622817.8953716431
622817.8953716431
622817.8953716431
622817.8953716431
622817.8953716431
622817.8953716431
622817.8953716431
622817.8953716431
622817.8953716431
622817.8953716431
622817.8953716431
622817.8953716431
622817.8953716431
622817.8953716431
622817.8953716431
622817.8953716431
622817.8953716431
622817.8953716431
622817.8953716431
622817.8953716431
622817.8953716431
622817.8953716431
622817.8953716431
622817.8953716431
622817.8953716431
622817.8953716431
622817.8953716431
622817.8953716431
622817.8953716431
622817.8953716431
622817.8953716431
622817.8953716431
622817.8953716431
622817.8953716431
622817.8953716431
622817.8953716431
622817.8953716431
622817.8953716431
622817.8953716431
622817.8953716431
622817.8953716431
622817.8953716431
622817.8953716431
622817.8953716431
622817.8953716431
622817.8953716431
622817.8953716431
622817.8953716431
622817.8953716431
622817.8953716431
622817.8953716431
622817.8953716431
622817.8953716431
622817.8953716431
622817.8953716431
622817.8953716431
622817.8953716431
622817.8953716431
622817.8953716431
622817.8953716431
622817.8953716431
622817.8953716431
622817.8953716431
622817.8953716431
622817.8953716431
622817.8953716431
622817.8953716431
622817.8953716431
622817.8953716431
622817.8953716431
622817.8953716431
622817.8953716431
622817.8953716431
622817.8953716431
622817.8953716431
622817.8953716431
622817.8953716431
622817.8953716431
622817.8953716431
622817.8953716431
622817.8953716431
622817.8953716431
622817.8953716431
622817.8953716431
622817.8953716431
622817.8953716431
622817.8953716431
622817.8953716431
622817.8953716431
622817.8953716431
622817.8953716431
622817.8953716431
622817.8953716431
622817.8953716431
622817.8953716431
622817.8953716431
622817.8953716431
622817.8953716431
622817.8953716431
622817.8953716431
622817.8953716431
622817.8953716431
622817.8953716431
622817.8953716431
622817.8953716431
622817.8953716431
622817.8953716431
622817.8953716431
622817.8953716431
622817.8953716431
622817.8953716431
622817.8953716431
622817.8953716431
622817.8953716431
622817.8953716431
622817.8953716431
622817.8953716431
622817.8953716431
622817.8953716431
622817.8953716431
622817.8953716431
622817.8953716431
622817.8953716431
622817.8953716431
622817.8953716431
622817.8953716431
622817.8953716431
622817.8953716431
622817.8953716431
622817.8953716431
622817.8953716431
622817.8953716431
622817.8953716431
622817.8953716431
622817.8953716431
622817.8953716431
622817.8953716431
622817.8953716431
622817.8953716431
622817.8953716431
622817.8953716431
622817.8953716431
622817.8953716431
622817.8953716431
622817.8953716431
622817.8953716431
622817.8953716431
622817.8953716431
622817.8953716431
622817.8953716431
622817.8953716431
622817.8953716431
622817.8953716431
622817.8953716431
622817.8953716431
622817.8953716431
622817.8953716431
622817.8953716431
622817.8953716431
622817.8953716431
622817.8953716431
622817.8953716431
622817.8953716431
622817.8953716431
622817.8953716431
622817.8953716431
622817.8953716431
622817.8953716431
622817.8953716431
622817.8953716431
622817.8953716431
622817.8953716431
622817.8953716431
622817.8953716431
622817.8953716431
622817.8953716431
622817.8953716431
622817.8953716431
622817.8953716431
622817.8953716431
622817.8953716431
622817.8953716431
622817.8953716431
622817.8953716431
622817.8953716431
622817.8953716431
622817.8953716431
622817.8953716431
622817.8953716431
622817.8953716431
622817.8953716431
622817.8953716431
622817.8953716431
622817.8953716431
622817.8953716431
622817.8953716431
622817.8953716431
622817.8953716431
622817.8953716431
622817.8953716431
622817.8953716431
622817.8953716431
622817.8953716431
622817.8953716431
622817.8953716431
622817.8953716431
622817.8953716431
622817.8953716431
622817.8953716431
622817.8953716431
622817.8953716431
622817.8953716431
622817.8953716431
622817.8953716431
622817.8953716431
622817.8953716431
622817.8953716431
622817.8953716431
622817.8953716431
622817.8953716431
622817.8953716431
622817.8953716431
622817.8953716431
622817.8953716431
622817.8953716431
622817.8953716431
622817.8953716431
622817.8953716431
622817.8953716431
622817.8953716431
622817.8953716431
622817.8953716431
622817.8953716431
622817.8953716431
622817.8953716431
622817.8953716431
622817.8953716431
622817.8953716431
622817.8953716431
622817.8953716431
622817.8953716431
622817.8953716431
622817.8953716431
622817.8953716431
622817.8953716431
622817.8953716431
622817.8953716431
622817.8953716431
622817.8953716431
622817.8953716431
622817.8953716431
622817.8953716431
622817.8953716431
622817.8953716431
622817.8953716431
622817.8953716431
622817.8953716431
622817.8953716431
622817.8953716431
622817.8953716431
622817.8953716431
622817.8953716431
622817.8953716431
622817.8953716431
622817.8953716431
622817.8953716431
622817.8953716431
622817.8953716431
622817.8953716431
622817.8953716431
622817.8953716431
622817.8953716431
622817.8953716431
622817.8953716431
622817.8953716431
622817.8953716431
622817.8953716431
622817.8953716431
622817.8953716431
622817.8953716431
622817.8953716431
622817.8953716431
622817.8953716431
622817.8953716431
622817.8953716431
622817.8953716431
622817.8953716431
622817.8953716431
622817.8953716431
622817.8953716431
622817.8953716431
622817.8953716431
622817.8953716431
622817.8953716431
622817.8953716431
622817.8953716431
622817.8953716431
622817.8953716431
622817.8953716431
622817.8953716431
622817.8953716431
622817.8953716431
622817.8953716431
622817.8953716431
622817.8953716431
622817.8953716431
622817.8953716431
622817.8953716431
622817.8953716431
622817.8953716431
622817.8953716431
622817.8953716431
622817.8953716431
622817.8953716431
622817.8953716431
622817.8953716431
622817.8953716431
622817.8953716431
622817.8953716431
622817.8953716431
622817.8953716431
622817.8953716431
622817.8953716431
622817.8953716431
622817.8953716431
622817.8953716431
622817.8953716431
622817.8953716431
622817.8953716431
622817.8953716431
622817.8953716431
622817.8953716431
622817.8953716431
622817.8953716431
622817.8953716431
622817.8953716431
622817.8953716431
622817.8953716431
622817.8953716431
622817.8953716431
622817.8953716431
622817.8953716431
622817.8953716431
622817.8953716431
622817.8953716431
622817.8953716431
622817.8953716431
622817.8953716431
622817.8953716431
622817.8953716431
622817.8953716431
622817.8953716431
622817.8953716431
622817.8953716431
622817.8953716431
622817.8953716431
622817.8953716431
622817.8953716431
622817.8953716431
622817.8953716431
622817.8953716431
622817.8953716431
622817.8953716431
622817.8953716431
622817.8953716431
622817.8953716431
622817.8953716431
622817.8953716431
622817.8953716431
622817.8953716431
622817.8953716431
622817.8953716431
622817.8953716431
622817.8953716431
622817.8953716431
622817.8953716431
622817.8953716431
622817.8953716431
622817.8953716431
622817.8953716431
622817.8953716431
622817.8953716431
622817.8953716431
622817.8953716431
622817.8953716431
622817.8953716431
622817.8953716431
622817.8953716431
622817.8953716431
622817.8953716431
622817.8953716431
622817.8953716431
622817.8953716431
622817.8953716431
622817.8953716431
622817.8953716431
622817.8953716431
622817.8953716431
622817.8953716431
622817.8953716431
622817.8953716431
622817.8953716431
622817.8953716431
622817.8953716431
622817.8953716431
622817.8953716431
622817.8953716431
622817.8953716431
622817.8953716431
622817.8953716431
622817.8953716431
622817.8953716431
622817.8953716431
622817.8953716431
622817.8953716431
622817.8953716431
622817.8953716431
622817.8953716431
622817.8953716431
622817.8953716431
622817.8953716431
622817.8953716431
622817.8953716431
622817.8953716431
622817.8953716431
622817.8953716431
622817.8953716431
622817.8953716431
622817.8953716431
#EXPERIMENT:4
1594449.402537006
1594449.402537006
1594449.402537006
1594449.402537006
1594449.402537006
1571995.1322005328
1571995.1322005328
1571995.1322005328
1571995.1322005328
1571995.1322005328
1571995.1322005328
1548877.4901132903
1548877.4901132903
1527817.134437702
1527817.134437702
1527817.134437702
1527817.134437702
1527817.134437702
1527817.134437702
1527817.134437702
1525306.2744559061
1525306.2744559061
1525306.2744559061
1525306.2744559061
1525306.2744559061
1525306.2744559061
1525306.2744559061
1525306.2744559061
1525306.2744559061
1525306.2744559061
1525306.2744559061
1525306.2744559061
1525306.2744559061
1525306.2744559061
1508305.6757928499
1508305.6757928499
1508305.6757928499
1508305.6757928499
1279435.4831644725
1279435.4831644725
1279435.4831644725
1279435.4831644725
1258071.4913815171
1108585.9723723496
1108585.9723723496
1108585.9723723496
1075509.8853658207
1075509.8853658207
1075509.8853658207
1075509.8853658207
1075509.8853658207
1075509.8853658207
1075509.8853658207
1075509.8853658207
1056158.6157288766
1056158.6157288766
1056158.6157288766
1046948.4751383839
1046948.4751383839
1046948.4751383839
1046948.4751383839
1046948.4751383839
1046948.4751383839
1011693.3770915914
1011693.3770915914
1011693.3770915914
1011693.3770915914
1011693.3770915914
1011693.3770915914
1011693.3770915914
1011693.3770915914
1011693.3770915914
1003968.6347510222
1003968.6347510222
1003968.6347510222
1003968.6347510222
1003968.6347510222
1003968.6347510222
1003968.6347510222
1003968.6347510222
1003968.6347510222
1003968.6347510222
1003968.6347510222
1003968.6347510222
1003968.6347510222
1003968.6347510222
1003968.6347510222
1003968.6347510222
1003968.6347510222
1003968.6347510222
1003968.6347510222
1003968.6347510222
1003968.6347510222
1003968.6347510222
988725.3569769514
988725.3569769514
988725.3569769514
988725.3569769514
988725.3569769514
988725.3569769514
988725.3569769514
988725.3569769514
988725.3569769514
988725.3569769514
988725.3569769514
988725.3569769514
988725.3569769514
988725.3569769514
988725.3569769514
988725.3569769514
988725.3569769514
988725.3569769514
988725.3569769514
988725.3569769514
988725.3569769514
988725.3569769514
988725.3569769514
988725.3569769514
988725.3569769514
988725.3569769514
988725.3569769514
988725.3569769514
988725.3569769514
988725.3569769514
988725.3569769514
988725.3569769514
988725.3569769514
988725.3569769514
988725.3569769514
988725.3569769514
988725.3569769514
988725.3569769514
988725.3569769514
988725.3569769514
988725.3569769514
988725.3569769514
988725.3569769514
988725.3569769514
988725.3569769514
988725.3569769514
988725.3569769514
988725.3569769514
988725.3569769514
988725.3569769514
988725.3569769514
988725.3569769514
988725.3569769514
988725.3569769514
988725.3569769514
988725.3569769514
988725.3569769514
988725.3569769514
988725.3569769514
988725.3569769514
988725.3569769514
988725.3569769514
988725.3569769514
988725.3569769514
988725.3569769514
983927.0107042147
983927.0107042147
983927.0107042147
983927.0107042147
983927.0107042147
983927.0107042147
983927.0107042147
983927.0107042147
983927.0107042147
983927.0107042147
983927.0107042147
983927.0107042147
983927.0107042147
983927.0107042147
983927.0107042147
983927.0107042147
983927.0107042147
983927.0107042147
983927.0107042147
983927.0107042147
983927.0107042147
983927.0107042147
983927.0107042147
983927.0107042147
983927.0107042147
983927.0107042147
983927.0107042147
983927.0107042147
983927.0107042147
983927.0107042147
983927.0107042147
983927.0107042147
983927.0107042147
983927.0107042147
983927.0107042147
983927.0107042147
983927.0107042147
983927.0107042147
983927.0107042147
983927.0107042147
983927.0107042147
983927.0107042147
983927.0107042147
983927.0107042147
983927.0107042147
983927.0107042147
983927.0107042147
983927.0107042147
983927.0107042147
983927.0107042147
983927.0107042147
983927.0107042147
983927.0107042147
983927.0107042147
983927.0107042147
983927.0107042147
983927.0107042147
983927.0107042147
983927.0107042147
983927.0107042147
983927.0107042147
983927.0107042147
983927.0107042147
983927.0107042147
983927.0107042147
983927.0107042147
983927.0107042147
983927.0107042147
983927.0107042147
983927.0107042147
983927.0107042147
983927.0107042147
983927.0107042147
983927.0107042147
983927.0107042147
983927.0107042147
983927.0107042147
983927.0107042147
983927.0107042147
983927.0107042147
983927.0107042147
983927.0107042147
983927.0107042147
983927.0107042147
983927.0107042147
983927.0107042147
983927.0107042147
983927.0107042147
983927.0107042147
983927.0107042147
972432.883606609
972432.883606609
972432.883606609
972432.883606609
972432.883606609
972432.883606609
972432.883606609
972432.883606609
972432.883606609
972432.883606609
972432.883606609
972432.883606609
972432.883606609
972432.883606609
972432.883606609
972432.883606609
972432.883606609
972432.883606609
972432.883606609
972432.883606609
972432.883606609
972432.883606609
972432.883606609
972432.883606609
972432.883606609
972432.883606609
972432.883606609
972432.883606609
972432.883606609
972432.883606609
972432.883606609
972432.883606609
972432.883606609
972432.883606609
972432.883606609
972432.883606609
972432.883606609
972432.883606609
972432.883606609
972432.883606609
972432.883606609
972432.883606609
972432.883606609
972432.883606609
972432.883606609
972432.883606609
972432.883606609
972432.883606609
972432.883606609
972432.883606609
972432.883606609
972432.883606609
972432.883606609
972432.883606609
972432.883606609
972432.883606609
972432.883606609
972432.883606609
972432.883606609
972432.883606609
972432.883606609
972432.883606609
972432.883606609
972432.883606609
972432.883606609
972432.883606609
972432.883606609
972432.883606609
972432.883606609
972432.883606609
972432.883606609
972432.883606609
972432.883606609
972432.883606609
972432.883606609
972432.883606609
972432.883606609
972432.883606609
972432.883606609
972432.883606609
972432.883606609
972432.883606609
972432.883606609
972432.883606609
972432.883606609
972432.883606609
972432.883606609
972432.883606609
972432.883606609
972432.883606609
972432.883606609
972432.883606609
972432.883606609
972432.883606609
972432.883606609
972432.883606609
972432.883606609
972432.883606609
972432.883606609
972432.883606609
972432.883606609
972432.883606609
972432.883606609
972432.883606609
972432.883606609
972432.883606609
972432.883606609
972432.883606609
972432.883606609
972432.883606609
972432.883606609
972432.883606609
972432.883606609
972432.883606609
972432.883606609
972432.883606609
972432.883606609
972432.883606609
972432.883606609
972432.883606609
972432.883606609
972432.883606609
972432.883606609
972432.883606609
972432.883606609
972432.883606609
972432.883606609
972432.883606609
972432.883606609
972432.883606609
972432.883606609
972432.883606609
972432.883606609
972432.883606609
972432.883606609
972432.883606609
972432.883606609
972432.883606609
972432.883606609
972432.883606609
972432.883606609
972432.883606609
972432.883606609
972432.883606609
972432.883606609
972432.883606609
972432.883606609
972432.883606609
972432.883606609
972432.883606609
972432.883606609
972432.883606609
972432.883606609
972432.883606609
972432.883606609
972432.883606609
972432.883606609
972432.883606609
972432.883606609
972432.883606609
972432.883606609
972432.883606609
972432.883606609
972432.883606609
972432.883606609
972432.883606609
972432.883606609
972432.883606609
972432.883606609
972432.883606609
972432.883606609
972432.883606609
972432.883606609
972432.883606609
972432.883606609
972432.883606609
972432.883606609
972432.883606609
972432.883606609
972432.883606609
972432.883606609
972432.883606609
972432.883606609
972432.883606609
972432.883606609
972432.883606609
972432.883606609
972432.883606609
972432.883606609
972432.883606609
972432.883606609
972432.883606609
972432.883606609
972432.883606609
972432.883606609
972432.883606609
972432.883606609
972432.883606609
972432.883606609
972432.883606609
972432.883606609
972432.883606609
972432.883606609
972432.883606609
972432.883606609
972432.883606609
972432.883606609
972432.883606609
972432.883606609
972432.883606609
972432.883606609
972432.883606609
972432.883606609
972432.883606609
972432.883606609
972432.883606609
972432.883606609
972432.883606609
972432.883606609
972432.883606609
972432.883606609
972432.883606609
972432.883606609
972432.883606609
972432.883606609
972432.883606609
972432.883606609
972432.883606609
972432.883606609
972432.883606609
972432.883606609
972432.883606609
972432.883606609
972432.883606609
972432.883606609
972432.883606609
972432.883606609
972432.883606609
972432.883606609
972432.883606609
972432.883606609
972432.883606609
972432.883606609
972432.883606609
972432.883606609
972432.883606609
972432.883606609
972432.883606609
972432.883606609
972432.883606609
972432.883606609
972432.883606609
972432.883606609
972432.883606609
972432.883606609
972432.883606609
972432.883606609
972432.883606609
972432.883606609
972432.883606609
972432.883606609
972432.883606609
972432.883606609
972432.883606609
972432.883606609
972432.883606609
972432.883606609
972432.883606609
972432.883606609
972432.883606609
972432.883606609
972432.883606609
972432.883606609
972432.883606609
972432.883606609
972432.883606609
972432.883606609
972432.883606609
972432.883606609
972432.883606609
972432.883606609
972432.883606609
972432.883606609
972432.883606609
972432.883606609
972432.883606609
972432.883606609
972432.883606609
972432.883606609
972432.883606609
972432.883606609
972432.883606609
972432.883606609
972432.883606609
972432.883606609
972432.883606609
972432.883606609
972432.883606609
972432.883606609
972432.883606609
972432.883606609
972432.883606609
972432.883606609
972432.883606609
972432.883606609
972432.883606609
972432.883606609
972432.883606609
972432.883606609
972432.883606609
972432.883606609
972432.883606609
972432.883606609
972432.883606609
972432.883606609
972432.883606609
972432.883606609
972432.883606609
972432.883606609
972432.883606609
972432.883606609
972432.883606609
972432.883606609
972432.883606609
972432.883606609
972432.883606609
972432.883606609
972432.883606609
972432.883606609
972432.883606609
972432.883606609
972432.883606609
972432.883606609
972432.883606609
972432.883606609
972432.883606609
972432.883606609
972432.883606609
972432.883606609
972432.883606609
972432.883606609
972432.883606609
972432.883606609
972432.883606609
972432.883606609
972432.883606609
972432.883606609
972432.883606609
972432.883606609
972432.883606609
972432.883606609
972432.883606609
972432.883606609
972432.883606609
972432.883606609
972432.883606609
972432.883606609
972432.883606609
972432.883606609
972432.883606609
972432.883606609
972432.883606609
972432.883606609
972432.883606609
972432.883606609
972432.883606609
972432.883606609
972432.883606609
972432.883606609
972432.883606609
972432.883606609
972432.883606609
972432.883606609
972432.883606609
972432.883606609
972432.883606609
972432.883606609
972432.883606609
972432.883606609
972432.883606609
972432.883606609
972432.883606609
972432.883606609
972432.883606609
972432.883606609
972432.883606609
972432.883606609
972432.883606609
972432.883606609
972432.883606609
972432.883606609
972432.883606609
972432.883606609
972432.883606609
972432.883606609
972432.883606609
972432.883606609
972432.883606609
972432.883606609
972432.883606609
972432.883606609
972432.883606609
972432.883606609
972432.883606609
972432.883606609
972432.883606609
972432.883606609
972432.883606609
972432.883606609
972432.883606609
972432.883606609
972432.883606609
972432.883606609
972432.883606609
972432.883606609
972432.883606609
972432.883606609
972432.883606609
972432.883606609
972432.883606609
972432.883606609
972432.883606609
972432.883606609
972432.883606609
972432.883606609
972432.883606609
972432.883606609
972432.883606609
972432.883606609
972432.883606609
972432.883606609
972432.883606609
972432.883606609
972432.883606609
972432.883606609
972432.883606609
972432.883606609
972432.883606609
972432.883606609
972432.883606609
972432.883606609
972432.883606609
972432.883606609
972432.883606609
972432.883606609
972432.883606609
972432.883606609
972432.883606609
972432.883606609
972432.883606609
972432.883606609
972432.883606609
972432.883606609
972432.883606609
972432.883606609
972432.883606609
972432.883606609
972432.883606609
972432.883606609
972432.883606609
972432.883606609
972432.883606609
972432.883606609
972432.883606609
972432.883606609
972432.883606609
972432.883606609
972432.883606609
972432.883606609
972432.883606609
972432.883606609
972432.883606609
972432.883606609
972432.883606609
972432.883606609
972432.883606609
972432.883606609
972432.883606609
972432.883606609
972432.883606609
972432.883606609
972432.883606609
972432.883606609
972432.883606609
972432.883606609
972432.883606609
972432.883606609
972432.883606609
972432.883606609
972432.883606609
972432.883606609
972432.883606609
972432.883606609
972432.883606609
972432.883606609
972432.883606609
972432.883606609
972432.883606609
972432.883606609
972432.883606609
972432.883606609
972432.883606609
972432.883606609
972432.883606609
972432.883606609
972432.883606609
972432.883606609
972432.883606609
972432.883606609
972432.883606609
972432.883606609
972432.883606609
972432.883606609
972432.883606609
972432.883606609
972432.883606609
972432.883606609
972432.883606609
972432.883606609
972432.883606609
972432.883606609
972432.883606609
972432.883606609
972432.883606609
972432.883606609
972432.883606609
972432.883606609
972432.883606609
972432.883606609
972432.883606609
972432.883606609
972432.883606609
972432.883606609
972432.883606609
972432.883606609
972432.883606609
972432.883606609
972432.883606609
972432.883606609
972432.883606609
972432.883606609
972432.883606609
972432.883606609
972432.883606609
972432.883606609
972432.883606609
972432.883606609
972432.883606609
972432.883606609
972432.883606609
972432.883606609
972432.883606609
972432.883606609
972432.883606609
972432.883606609
972432.883606609
972432.883606609
972432.883606609
972432.883606609
972432.883606609
972432.883606609
972432.883606609
972432.883606609
972432.883606609
972432.883606609
972432.883606609
972432.883606609
972432.883606609
972432.883606609
972432.883606609
972432.883606609
972432.883606609
972432.883606609
972432.883606609
972432.883606609
972432.883606609
966264.5650790894
966264.5650790894
966264.5650790894
966264.5650790894
966264.5650790894
966264.5650790894
966264.5650790894
966264.5650790894
966264.5650790894
966264.5650790894
966264.5650790894
966264.5650790894
966264.5650790894
966264.5650790894
966264.5650790894
966264.5650790894
966264.5650790894
966264.5650790894
966264.5650790894
966264.5650790894
966264.5650790894
966264.5650790894
966264.5650790894
966264.5650790894
966264.5650790894
966264.5650790894
966264.5650790894
966264.5650790894
966264.5650790894
966264.5650790894
966264.5650790894
966264.5650790894
966264.5650790894
966264.5650790894
966264.5650790894
966264.5650790894
966264.5650790894
966264.5650790894
966264.5650790894
966264.5650790894
966264.5650790894
966264.5650790894
966264.5650790894
966264.5650790894
966264.5650790894
966264.5650790894
966264.5650790894
966264.5650790894
966264.5650790894
966264.5650790894
966264.5650790894
966264.5650790894
966264.5650790894
966264.5650790894
966264.5650790894
966264.5650790894
966264.5650790894
966264.5650790894
966264.5650790894
966264.5650790894
966264.5650790894
966264.5650790894
966264.5650790894
966264.5650790894
966264.5650790894
966264.5650790894
966264.5650790894
966264.5650790894
966264.5650790894
966264.5650790894
966264.5650790894
966264.5650790894
966264.5650790894
966264.5650790894
966264.5650790894
966264.5650790894
966264.5650790894
966264.5650790894
966264.5650790894
966264.5650790894
966264.5650790894
966264.5650790894
966264.5650790894
966264.5650790894
966264.5650790894
966264.5650790894
966264.5650790894
966264.5650790894
966264.5650790894
966264.5650790894
966264.5650790894
966264.5650790894
966264.5650790894
966264.5650790894
966264.5650790894
966264.5650790894
966264.5650790894
966264.5650790894
966264.5650790894
966264.5650790894
966264.5650790894
966264.5650790894
966264.5650790894
966264.5650790894
966264.5650790894
966264.5650790894
966264.5650790894
966264.5650790894
966264.5650790894
966264.5650790894
966264.5650790894
966264.5650790894
966264.5650790894
966264.5650790894
966264.5650790894
966264.5650790894
966264.5650790894
966264.5650790894
966264.5650790894
966264.5650790894
966264.5650790894
966264.5650790894
966264.5650790894
966264.5650790894
966264.5650790894
966264.5650790894
966264.5650790894
966264.5650790894
966264.5650790894
966264.5650790894
966264.5650790894
966264.5650790894
966264.5650790894
966264.5650790894
966264.5650790894
966264.5650790894
966264.5650790894
966264.5650790894
966264.5650790894
966264.5650790894
966264.5650790894
966264.5650790894
966264.5650790894
966264.5650790894
966264.5650790894
966264.5650790894
966264.5650790894
966264.5650790894
966264.5650790894
966264.5650790894
966264.5650790894
966264.5650790894
966264.5650790894
966264.5650790894
966264.5650790894
966264.5650790894
966264.5650790894
966264.5650790894
966264.5650790894
966264.5650790894
966264.5650790894
966264.5650790894
966264.5650790894
966264.5650790894
966264.5650790894
966264.5650790894
966264.5650790894
966264.5650790894
966264.5650790894
966264.5650790894
966264.5650790894
966264.5650790894
966264.5650790894
966264.5650790894
#EXPERIMENT:5
1685231.7422732152
1685231.7422732152
1685231.7422732152
1685231.7422732152
1503400.4276716202
1248502.478688848
1248502.478688848
1232495.992903431
1232495.992903431
1232495.992903431
1232495.992903431
1232495.992903431
1213772.767683626
1213772.767683626
1213772.767683626
1203536.2180176391
1203536.2180176391
1203536.2180176391
1203536.2180176391
1203536.2180176391
1203536.2180176391
1203536.2180176391
1203536.2180176391
1203536.2180176391
1203536.2180176391
1203536.2180176391
1203536.2180176391
1195771.1547657389
1195771.1547657389
1195771.1547657389
1195771.1547657389
1195771.1547657389
1195771.1547657389
1195771.1547657389
1195771.1547657389
1195771.1547657389
1195771.1547657389
1189534.3786404806
1189534.3786404806
1189534.3786404806
1189534.3786404806
1189534.3786404806
1189534.3786404806
1189534.3786404806
1189534.3786404806
1189534.3786404806
1189534.3786404806
1189534.3786404806
1189534.3786404806
1189534.3786404806
1189534.3786404806
1189534.3786404806
1189534.3786404806
1185945.736501159
1185945.736501159
1185945.736501159
1185945.736501159
1185945.736501159
1185945.736501159
1185945.736501159
1185945.736501159
1185945.736501159
1185945.736501159
1185945.736501159
1185945.736501159
1185945.736501159
1185945.736501159
1185945.736501159
1185945.736501159
1185945.736501159
1185945.736501159
1185945.736501159
1185945.736501159
1185945.736501159
1185945.736501159
1185945.736501159
1185945.736501159
1185945.736501159
1185945.736501159
1185945.736501159
1185945.736501159
1185945.736501159
1185945.736501159
1185945.736501159
1185945.736501159
1185945.736501159
1185945.736501159
1185945.736501159
1185945.736501159
1185945.736501159
1185945.736501159
1185945.736501159
1185945.736501159
1185945.736501159
1185945.736501159
1185945.736501159
1185945.736501159
1185945.736501159
1185945.736501159
1185945.736501159
1185945.736501159
1185945.736501159
1185945.736501159
1185945.736501159
1185945.736501159
1185945.736501159
1185945.736501159
1185945.736501159
1185945.736501159
1185945.736501159
1185945.736501159
1185945.736501159
1185945.736501159
1166924.410250363
1166924.410250363
1166924.410250363
1166924.410250363
1166924.410250363
1166924.410250363
1166924.410250363
1166924.410250363
1166924.410250363
1166924.410250363
1166924.410250363
1166924.410250363
1166924.410250363
1166924.410250363
1166924.410250363
1166924.410250363
1166924.410250363
1166924.410250363
1166924.410250363
1166924.410250363
1166924.410250363
1166924.410250363
1166924.410250363
1166924.410250363
1166924.410250363
1166924.410250363
1166924.410250363
1166924.410250363
1166924.410250363
1166924.410250363
1166924.410250363
1166924.410250363
1166924.410250363
1166924.410250363
1166924.410250363
1166924.410250363
1166924.410250363
1166924.410250363
1166924.410250363
1166924.410250363
1166924.410250363
1166924.410250363
1166924.410250363
1166924.410250363
1166924.410250363
1166924.410250363
1166924.410250363
1166924.410250363
1166924.410250363
1166924.410250363
1166924.410250363
1166924.410250363
1166924.410250363
1166924.410250363
1166924.410250363
1166924.410250363
1166924.410250363
1166924.410250363
1166924.410250363
1166924.410250363
1166924.410250363
1166924.410250363
1166924.410250363
1166924.410250363
1166924.410250363
1166924.410250363
1166924.410250363
1162006.2556770802
1162006.2556770802
1162006.2556770802
1162006.2556770802
1162006.2556770802
1162006.2556770802
1162006.2556770802
1162006.2556770802
1162006.2556770802
1162006.2556770802
1162006.2556770802
1153815.0516907931
1153815.0516907931
1153815.0516907931
1153815.0516907931
1153815.0516907931
1153815.0516907931
1153815.0516907931
1153815.0516907931
1153815.0516907931
1153815.0516907931
1153815.0516907931
1153815.0516907931
1153815.0516907931
1153815.0516907931
1153815.0516907931
1153815.0516907931
1153815.0516907931
1153815.0516907931
1153815.0516907931
1153815.0516907931
1153815.0516907931
1153815.0516907931
1153815.0516907931
1153815.0516907931
1153815.0516907931
1153815.0516907931
1153815.0516907931
1153815.0516907931
1153815.0516907931
1153815.0516907931
1153815.0516907931
1153815.0516907931
1153815.0516907931
1153815.0516907931
1153815.0516907931
1153815.0516907931
1153815.0516907931
1153815.0516907931
1153815.0516907931
1153815.0516907931
1153815.0516907931
1153815.0516907931
1153815.0516907931
1153815.0516907931
1153815.0516907931
1153815.0516907931
1153815.0516907931
1153815.0516907931
1153815.0516907931
1153815.0516907931
1153815.0516907931
1153815.0516907931
1153815.0516907931
1153815.0516907931
1153815.0516907931
1153815.0516907931
1153815.0516907931
1153815.0516907931
1153815.0516907931
1153815.0516907931
1153815.0516907931
1153815.0516907931
1153815.0516907931
1153815.0516907931
1153815.0516907931
1153815.0516907931
1153815.0516907931
1153815.0516907931
1153815.0516907931
1153815.0516907931
1153815.0516907931
1153815.0516907931
1153815.0516907931
1153815.0516907931
1153815.0516907931
1153815.0516907931
1153815.0516907931
1153815.0516907931
1153815.0516907931
1153815.0516907931
1153815.0516907931
1153815.0516907931
1153815.0516907931
1153815.0516907931
1153815.0516907931
1153815.0516907931
1153815.0516907931
1153815.0516907931
1153815.0516907931
1153815.0516907931
1153815.0516907931
1153815.0516907931
1153815.0516907931
1153815.0516907931
1153815.0516907931
1153815.0516907931
1153815.0516907931
1153815.0516907931
1153815.0516907931
1153815.0516907931
1153815.0516907931
1153815.0516907931
1153815.0516907931
1153815.0516907931
1153815.0516907931
1153815.0516907931
1153815.0516907931
1153815.0516907931
1153815.0516907931
1153815.0516907931
1153815.0516907931
1153815.0516907931
1153815.0516907931
1153815.0516907931
1153815.0516907931
1153815.0516907931
1153815.0516907931
1153815.0516907931
1153815.0516907931
1153815.0516907931
1153815.0516907931
1153815.0516907931
1153815.0516907931
1153815.0516907931
1153815.0516907931
1153815.0516907931
1153815.0516907931
1153815.0516907931
1153815.0516907931
1153815.0516907931
1153815.0516907931
1153815.0516907931
1153815.0516907931
1153815.0516907931
1153815.0516907931
1153815.0516907931
1153815.0516907931
1153815.0516907931
1153815.0516907931
1153815.0516907931
1153815.0516907931
1153815.0516907931
1153815.0516907931
1153815.0516907931
1153815.0516907931
1153815.0516907931
1153815.0516907931
1153815.0516907931
1153815.0516907931
1153815.0516907931
1153815.0516907931
1153815.0516907931
1153815.0516907931
1153815.0516907931
1153815.0516907931
1153815.0516907931
1153815.0516907931
1153815.0516907931
1153815.0516907931
1153815.0516907931
1153815.0516907931
1153815.0516907931
1153815.0516907931
1153815.0516907931
1153815.0516907931
1153815.0516907931
1153815.0516907931
1153815.0516907931
1145175.676258993
1145175.676258993
1145175.676258993
1145175.676258993
1145175.676258993
1145175.676258993
1145175.676258993
1145175.676258993
1145175.676258993
1145175.676258993
1145175.676258993
1145175.676258993
1145175.676258993
1145175.676258993
1145175.676258993
1145175.676258993
1145175.676258993
1145175.676258993
1145175.676258993
1145175.676258993
1145175.676258993
1145175.676258993
1145175.676258993
1145175.676258993
1145175.676258993
1145175.676258993
1145175.676258993
1145175.676258993
1145175.676258993
1145175.676258993
1145175.676258993
1145175.676258993
1145175.676258993
1145175.676258993
1145175.676258993
1145175.676258993
1145175.676258993
1145175.676258993
1145175.676258993
1145175.676258993
1145175.676258993
1145175.676258993
1145175.676258993
1145175.676258993
1145175.676258993
1145175.676258993
1145175.676258993
1145175.676258993
1145175.676258993
1145175.676258993
1145175.676258993
1145175.676258993
1145175.676258993
1145175.676258993
1145175.676258993
1145175.676258993
1145175.676258993
1145175.676258993
1145175.676258993
1145175.676258993
1145175.676258993
1145175.676258993
1145175.676258993
1145175.676258993
1145175.676258993
1145175.676258993
1145175.676258993
1145175.676258993
1145175.676258993
1145175.676258993
1145175.676258993
1145175.676258993
1145175.676258993
1145175.676258993
1145175.676258993
1145175.676258993
1145175.676258993
1145175.676258993
1145175.676258993
1145175.676258993
1145175.676258993
1145175.676258993
1145175.676258993
1145175.676258993
1145175.676258993
1145175.676258993
1145175.676258993
1145175.676258993
1145175.676258993
1145175.676258993
1145175.676258993
1145175.676258993
1145175.676258993
1145175.676258993
1145175.676258993
1145175.676258993
1145175.676258993
1145175.676258993
1145175.676258993
1145175.676258993
1145175.676258993
1145175.676258993
1145175.676258993
1145175.676258993
1145175.676258993
1145175.676258993
1145175.676258993
1145175.676258993
1145175.676258993
1145175.676258993
1145175.676258993
1145175.676258993
1145175.676258993
1145175.676258993
1145175.676258993
1145175.676258993
1145175.676258993
1145175.676258993
1145175.676258993
1145175.676258993
1145175.676258993
1145175.676258993
1145175.676258993
1145175.676258993
1145175.676258993
1145175.676258993
1145175.676258993
1145175.676258993
1145175.676258993
1145175.676258993
1145175.676258993
1145175.676258993
1145175.676258993
1145175.676258993
1145175.676258993
1145175.676258993
1145175.676258993
1145175.676258993
1145175.676258993
1145175.676258993
1145175.676258993
1145175.676258993
1145175.676258993
1145175.676258993
1145175.676258993
1145175.676258993
1145175.676258993
1145175.676258993
1145175.676258993
1145175.676258993
1145175.676258993
1145175.676258993
1145175.676258993
1145175.676258993
1145175.676258993
1145175.676258993
1145175.676258993
1145175.676258993
1145175.676258993
1145175.676258993
1145175.676258993
1145175.676258993
1145175.676258993
1145175.676258993
1145175.676258993
1145175.676258993
1145175.676258993
1145175.676258993
1145175.676258993
1145175.676258993
1145175.676258993
1145175.676258993
1145175.676258993
1145175.676258993
1145175.676258993
1145175.676258993
1145175.676258993
1145175.676258993
1145175.676258993
1145175.676258993
1145175.676258993
1145175.676258993
1145175.676258993
1145175.676258993
1145175.676258993
1145175.676258993
1145175.676258993
1145175.676258993
1145175.676258993
1145175.676258993
1145175.676258993
1145175.676258993
1145175.676258993
1145175.676258993
1145175.676258993
1145175.676258993
1145175.676258993
1145175.676258993
1145175.676258993
1145175.676258993
1145175.676258993
1145175.676258993
1145175.676258993
1145175.676258993
1145175.676258993
1145175.676258993
1145175.676258993
1145175.676258993
1145175.676258993
1145175.676258993
1145175.676258993
1145175.676258993
1145175.676258993
1145175.676258993
1145175.676258993
1145175.676258993
1145175.676258993
1145175.676258993
1145175.676258993
1145175.676258993
1145175.676258993
1145175.676258993
1145175.676258993
1145175.676258993
1145175.676258993
1145175.676258993
1145175.676258993
1145175.676258993
1145175.676258993
1145175.676258993
1145175.676258993
1145175.676258993
1145175.676258993
1145175.676258993
1145175.676258993
1145175.676258993
1145175.676258993
1145175.676258993
1145175.676258993
1145175.676258993
1145175.676258993
1145175.676258993
1145175.676258993
1145175.676258993
1145175.676258993
1145175.676258993
1145175.676258993
1145175.676258993
1145175.676258993
1145175.676258993
1145175.676258993
1145175.676258993
1145175.676258993
1145175.676258993
1145175.676258993
1145175.676258993
1145175.676258993
1145175.676258993
1145175.676258993
1145175.676258993
1145175.676258993
1145175.676258993
1145175.676258993
1145175.676258993
1145175.676258993
1145175.676258993
1145175.676258993
1145175.676258993
1145175.676258993
1145175.676258993
1145175.676258993
1145175.676258993
1145175.676258993
1145175.676258993
1145175.676258993
1145175.676258993
1145175.676258993
1145175.676258993
1145175.676258993
1145175.676258993
1145175.676258993
1145175.676258993
1145175.676258993
1145175.676258993
1145175.676258993
1145175.676258993
1145175.676258993
1145175.676258993
1145175.676258993
1145175.676258993
1145175.676258993
1145175.676258993
1145175.676258993
1145175.676258993
1145175.676258993
1145175.676258993
1145175.676258993
1145175.676258993
1145175.676258993
1145175.676258993
1145175.676258993
1145175.676258993
1145175.676258993
1145175.676258993
1145175.676258993
1145175.676258993
1145175.676258993
1145175.676258993
1145175.676258993
1145175.676258993
1145175.676258993
1145175.676258993
1145175.676258993
1145175.676258993
1145175.676258993
1145175.676258993
1145175.676258993
1145175.676258993
1145175.676258993
1145175.676258993
1145175.676258993
1145175.676258993
1145175.676258993
1145175.676258993
1145175.676258993
1145175.676258993
1145175.676258993
1145175.676258993
1145175.676258993
1145175.676258993
1145175.676258993
1145175.676258993
1145175.676258993
1145175.676258993
1145175.676258993
1145175.676258993
1145175.676258993
1145175.676258993
1145175.676258993
1145175.676258993
1145175.676258993
1145175.676258993
1145175.676258993
1145175.676258993
1145175.676258993
1145175.676258993
1145175.676258993
1145175.676258993
1145175.676258993
1145175.676258993
1145175.676258993
1145175.676258993
1145175.676258993
1145175.676258993
1145175.676258993
1145175.676258993
1145175.676258993
1145175.676258993
1145175.676258993
1145175.676258993
1145175.676258993
1145175.676258993
1145175.676258993
1145175.676258993
1145175.676258993
1145175.676258993
1145175.676258993
1145175.676258993
1145175.676258993
1145175.676258993
1145175.676258993
1145175.676258993
1145175.676258993
1145175.676258993
1145175.676258993
1145175.676258993
1145175.676258993
1145175.676258993
1145175.676258993
1145175.676258993
1145175.676258993
1145175.676258993
1145175.676258993
1145175.676258993
1145175.676258993
1145175.676258993
1145175.676258993
1145175.676258993
1145175.676258993
1145175.676258993
1145175.676258993
1145175.676258993
1145175.676258993
1145175.676258993
1145175.676258993
1145175.676258993
1145175.676258993
1145175.676258993
1145175.676258993
1145175.676258993
1145175.676258993
1145175.676258993
1145175.676258993
1145175.676258993
1145175.676258993
1145175.676258993
1145175.676258993
1145175.676258993
1145175.676258993
1145175.676258993
1145175.676258993
1145175.676258993
1145175.676258993
1145175.676258993
1145175.676258993
1145175.676258993
1145175.676258993
1145175.676258993
1145175.676258993
1145175.676258993
1145175.676258993
1145175.676258993
1145175.676258993
1145175.676258993
1145175.676258993
1145175.676258993
1145175.676258993
1145175.676258993
1145175.676258993
1145175.676258993
1145175.676258993
1145175.676258993
1145175.676258993
1145175.676258993
1145175.676258993
1145175.676258993
1145175.676258993
1145175.676258993
1145175.676258993
1145175.676258993
1145175.676258993
1145175.676258993
1145175.676258993
1145175.676258993
1145175.676258993
1145175.676258993
1145175.676258993
1145175.676258993
1145175.676258993
1145175.676258993
1145175.676258993
1145175.676258993
1145175.676258993
1145175.676258993
1145175.676258993
1145175.676258993
1145175.676258993
1145175.676258993
1145175.676258993
1145175.676258993
1145175.676258993
1145175.676258993
1145175.676258993
1145175.676258993
1145175.676258993
1145175.676258993
1145175.676258993
1145175.676258993
1145175.676258993
1145175.676258993
1145175.676258993
1145175.676258993
1145175.676258993
1145175.676258993
1145175.676258993
1145175.676258993
1145175.676258993
1145175.676258993
1145175.676258993
1145175.676258993
1145175.676258993
1145175.676258993
1145175.676258993
1145175.676258993
1145175.676258993
1145175.676258993
1145175.676258993
1145175.676258993
1145175.676258993
1145175.676258993
1145175.676258993
1145175.676258993
1145175.676258993
1145175.676258993
1145175.676258993
1145175.676258993
1145175.676258993
1145175.676258993
1145175.676258993
1145175.676258993
1145175.676258993
1145175.676258993
1145175.676258993
1145175.676258993
1145175.676258993
1145175.676258993
1145175.676258993
1145175.676258993
1145175.676258993
1145175.676258993
1145175.676258993
1145175.676258993
1145175.676258993
1145175.676258993
1145175.676258993
1145175.676258993
1145175.676258993
1145175.676258993
1145175.676258993
1145175.676258993
1145175.676258993
1145175.676258993
1145175.676258993
1145175.676258993
1145175.676258993
1145175.676258993
1145175.676258993
1145175.676258993
1145175.676258993
1145175.676258993
1145175.676258993
1145175.676258993
1145175.676258993
1145175.676258993
1145175.676258993
1145175.676258993
1145175.676258993
1145175.676258993
1145175.676258993
1145175.676258993
1145175.676258993
1145175.676258993
1145175.676258993
1145175.676258993
1145175.676258993
1145175.676258993
1145175.676258993
1145175.676258993
1145175.676258993
1145175.676258993
1145175.676258993
1145175.676258993
1145175.676258993
1145175.676258993
1145175.676258993
1145175.676258993
1145175.676258993
1145175.676258993
1145175.676258993
1145175.676258993
1145175.676258993
1145175.676258993
1145175.676258993
1145175.676258993
1145175.676258993
1145175.676258993
1145175.676258993
1145175.676258993
1145175.676258993
1145175.676258993
1145175.676258993
1145175.676258993
1145175.676258993
1145175.676258993
1145175.676258993
1145175.676258993
1145175.676258993
1145175.676258993
1145175.676258993
1145175.676258993
1145175.676258993
1145175.676258993
1145175.676258993
1145175.676258993
1145175.676258993
1145175.676258993
1145175.676258993
1145175.676258993
1145175.676258993
1145175.676258993
1145175.676258993
1145175.676258993
1145175.676258993
1145175.676258993
1145175.676258993
1145175.676258993
1145175.676258993
1145175.676258993
1145175.676258993
1145175.676258993
1145175.676258993
1145175.676258993
1145175.676258993
1145175.676258993
1145175.676258993
1145175.676258993
1145175.676258993
1145175.676258993
1145175.676258993
1145175.676258993
1145175.676258993
1145175.676258993
1145175.676258993
1145175.676258993
1145175.676258993
1145175.676258993
1145175.676258993
1145175.676258993
1145175.676258993
1145175.676258993
1145175.676258993
1145175.676258993
1145175.676258993
1145175.676258993
1145175.676258993
1145175.676258993
1145175.676258993
1145175.676258993
1145175.676258993
1145175.676258993
1145175.676258993
1145175.676258993
1145175.676258993
1145175.676258993
1145175.676258993
1145175.676258993
1145175.676258993
1145175.676258993
1145175.676258993
1145175.676258993
#EXPERIMENT:6
2941345.2816235754
2941345.2816235754
2825476.1992239603
2825476.1992239603
2825476.1992239603
2825476.1992239603
2672049.6652226215
2672049.6652226215
2672049.6652226215
2672049.6652226215
2672049.6652226215
2672049.6652226215
2640705.2231692364
2232067.1302263425
2232067.1302263425
2232067.1302263425
2232067.1302263425
2232067.1302263425
2163057.454966175
2163057.454966175
2163057.454966175
2163057.454966175
2163057.454966175
1871432.0548904275
1871432.0548904275
1871432.0548904275
1871432.0548904275
1868461.0070277536
1868461.0070277536
1868461.0070277536
1680297.2748141373
1680297.2748141373
1680297.2748141373
1680297.2748141373
1680297.2748141373
1585739.6493667252
1585739.6493667252
1585739.6493667252
1585739.6493667252
1585739.6493667252
1585739.6493667252
1585739.6493667252
1585739.6493667252
1585739.6493667252
1585739.6493667252
1585739.6493667252
1585739.6493667252
1585739.6493667252
1585739.6493667252
1585739.6493667252
1585739.6493667252
1585739.6493667252
1585739.6493667252
1585739.6493667252
1585739.6493667252
1585739.6493667252
1585739.6493667252
1585739.6493667252
1585739.6493667252
1585739.6493667252
1585739.6493667252
1585739.6493667252
1585739.6493667252
1585739.6493667252
1585739.6493667252
1585739.6493667252
1568109.1991719916
1568109.1991719916
1568109.1991719916
1568109.1991719916
1568109.1991719916
1568109.1991719916
1568109.1991719916
1568109.1991719916
1568109.1991719916
1568109.1991719916
1568109.1991719916
1568109.1991719916
1568109.1991719916
1568109.1991719916
1568109.1991719916
1568109.1991719916
1568109.1991719916
1568109.1991719916
1568109.1991719916
1568109.1991719916
1568109.1991719916
1568109.1991719916
1568109.1991719916
1568109.1991719916
1568109.1991719916
1568109.1991719916
1568109.1991719916
1568109.1991719916
1568109.1991719916
1568109.1991719916
1568109.1991719916
1568109.1991719916
1568109.1991719916
1568109.1991719916
1568109.1991719916
1568109.1991719916
1568109.1991719916
1568109.1991719916
1568109.1991719916
1568109.1991719916
1568109.1991719916
1568109.1991719916
1568109.1991719916
1568109.1991719916
1568109.1991719916
1568109.1991719916
1568109.1991719916
1568109.1991719916
1568109.1991719916
1568109.1991719916
1568109.1991719916
1568109.1991719916
1568109.1991719916
1568109.1991719916
1568109.1991719916
1568109.1991719916
1568109.1991719916
1568109.1991719916
1568109.1991719916
1568109.1991719916
1568109.1991719916
1568109.1991719916
1568109.1991719916
1568109.1991719916
1568109.1991719916
1568109.1991719916
1568109.1991719916
1568109.1991719916
1568109.1991719916
1568109.1991719916
1568109.1991719916
1568109.1991719916
1568109.1991719916
1568109.1991719916
1568109.1991719916
1568109.1991719916
1568109.1991719916
1568109.1991719916
1568109.1991719916
1568109.1991719916
1568109.1991719916
1568109.1991719916
1568109.1991719916
1568109.1991719916
1568109.1991719916
1568109.1991719916
1568109.1991719916
1568109.1991719916
1568109.1991719916
1568109.1991719916
1568109.1991719916
1568109.1991719916
1568109.1991719916
1568109.1991719916
1568109.1991719916
1568109.1991719916
1568109.1991719916
1568109.1991719916
1568109.1991719916
1568109.1991719916
1568109.1991719916
1568109.1991719916
1568109.1991719916
1568109.1991719916
1568109.1991719916
1568109.1991719916
1568109.1991719916
1568109.1991719916
1568109.1991719916
1568109.1991719916
1568109.1991719916
1568109.1991719916
1568109.1991719916
1568109.1991719916
1568109.1991719916
1568109.1991719916
1568109.1991719916
1568109.1991719916
1568109.1991719916
1568109.1991719916
1561908.3536477634
1561908.3536477634
1561908.3536477634
1561908.3536477634
1561908.3536477634
1561908.3536477634
1561908.3536477634
1561908.3536477634
1561908.3536477634
1561908.3536477634
1561908.3536477634
1561908.3536477634
1561908.3536477634
1561908.3536477634
1561908.3536477634
1561908.3536477634
1561908.3536477634
1561908.3536477634
1561908.3536477634
1561908.3536477634
1561908.3536477634
1561908.3536477634
1561908.3536477634
1561908.3536477634
1561908.3536477634
1561908.3536477634
1561908.3536477634
1561908.3536477634
1561908.3536477634
1561908.3536477634
1561908.3536477634
1561908.3536477634
1561908.3536477634
1561908.3536477634
1561908.3536477634
1561908.3536477634
1561908.3536477634
1561908.3536477634
1561908.3536477634
1561908.3536477634
1561908.3536477634
1561908.3536477634
1561908.3536477634
1561908.3536477634
1561908.3536477634
1561908.3536477634
1561908.3536477634
1561908.3536477634
1561908.3536477634
1561908.3536477634
1561908.3536477634
1561908.3536477634
1561908.3536477634
1561908.3536477634
1561908.3536477634
1561908.3536477634
1561908.3536477634
1561908.3536477634
1561908.3536477634
1561908.3536477634
1561908.3536477634
1561908.3536477634
1561908.3536477634
1561908.3536477634
1561908.3536477634
1561908.3536477634
1561908.3536477634
1561908.3536477634
1561908.3536477634
1561908.3536477634
1561908.3536477634
1561908.3536477634
1561908.3536477634
1561908.3536477634
1561908.3536477634
1561908.3536477634
1561908.3536477634
1561908.3536477634
1561908.3536477634
1561908.3536477634
1561908.3536477634
1561908.3536477634
1561908.3536477634
1561908.3536477634
1561908.3536477634
1561908.3536477634
1561908.3536477634
1561908.3536477634
1561908.3536477634
1561908.3536477634
1561908.3536477634
1561908.3536477634
1561908.3536477634
1561908.3536477634
1561908.3536477634
1561908.3536477634
1561908.3536477634
1561908.3536477634
1561908.3536477634
1561908.3536477634
1561908.3536477634
1561908.3536477634
1561908.3536477634
1561908.3536477634
1561908.3536477634
1561908.3536477634
1561908.3536477634
1561908.3536477634
1561908.3536477634
1561908.3536477634
1561908.3536477634
1561908.3536477634
1561908.3536477634
1561908.3536477634
1561908.3536477634
1561908.3536477634
1561908.3536477634
1561908.3536477634
1561908.3536477634
1561908.3536477634
1561908.3536477634
1561908.3536477634
1561908.3536477634
1561908.3536477634
1561908.3536477634
1561908.3536477634
1561908.3536477634
1561908.3536477634
1561908.3536477634
1561908.3536477634
1561908.3536477634
1561908.3536477634
1561908.3536477634
1561908.3536477634
1561908.3536477634
1561908.3536477634
1561908.3536477634
1561908.3536477634
1561908.3536477634
1561908.3536477634
1561908.3536477634
1561908.3536477634
1561908.3536477634
1561908.3536477634
1561908.3536477634
1561908.3536477634
1561908.3536477634
1561908.3536477634
1561908.3536477634
1561908.3536477634
1561908.3536477634
1561908.3536477634
1561908.3536477634
1561908.3536477634
1561908.3536477634
1561908.3536477634
1561908.3536477634
1561908.3536477634
1561908.3536477634
1561908.3536477634
1561908.3536477634
1561908.3536477634
1561908.3536477634
1561908.3536477634
1561908.3536477634
1561908.3536477634
1561908.3536477634
1561908.3536477634
1561908.3536477634
1561908.3536477634
1561908.3536477634
1561908.3536477634
1561908.3536477634
1561908.3536477634
1561908.3536477634
1561908.3536477634
1561908.3536477634
1561908.3536477634
1561908.3536477634
1561908.3536477634
1561908.3536477634
1561908.3536477634
1561908.3536477634
1561908.3536477634
1561908.3536477634
1561908.3536477634
1561908.3536477634
1561908.3536477634
1561908.3536477634
1561908.3536477634
1561908.3536477634
1561908.3536477634
1561908.3536477634
1561908.3536477634
1561908.3536477634
1561908.3536477634
1561908.3536477634
1561908.3536477634
1561908.3536477634
1561908.3536477634
1561908.3536477634
1561908.3536477634
1561908.3536477634
1561908.3536477634
1561908.3536477634
1561908.3536477634
1561908.3536477634
1561908.3536477634
1561908.3536477634
1561908.3536477634
1561908.3536477634
1561908.3536477634
1561908.3536477634
1561908.3536477634
1561908.3536477634
1561908.3536477634
1561908.3536477634
1561908.3536477634
1561908.3536477634
1561908.3536477634
1561908.3536477634
1561908.3536477634
1561908.3536477634
1561908.3536477634
1561908.3536477634
1561908.3536477634
1561908.3536477634
1561908.3536477634
1561908.3536477634
1561908.3536477634
1561908.3536477634
1561908.3536477634
1561908.3536477634
1561908.3536477634
1561908.3536477634
1561908.3536477634
1561908.3536477634
1561908.3536477634
1561908.3536477634
1561908.3536477634
1561908.3536477634
1561908.3536477634
1561908.3536477634
1561908.3536477634
1561908.3536477634
1561908.3536477634
1561908.3536477634
1561908.3536477634
1561908.3536477634
1561908.3536477634
1561908.3536477634
1561908.3536477634
1561908.3536477634
1561908.3536477634
1561908.3536477634
1561908.3536477634
1561908.3536477634
1561908.3536477634
1561908.3536477634
1561908.3536477634
1561908.3536477634
1561908.3536477634
1561908.3536477634
1561908.3536477634
1561908.3536477634
1561908.3536477634
1561908.3536477634
1561908.3536477634
1561908.3536477634
1561908.3536477634
1561908.3536477634
1561908.3536477634
1561908.3536477634
1561908.3536477634
1561908.3536477634
1561908.3536477634
1561908.3536477634
1561908.3536477634
1561908.3536477634
1561908.3536477634
1561908.3536477634
1561908.3536477634
1561908.3536477634
1561908.3536477634
1561908.3536477634
1561908.3536477634
1561908.3536477634
1561908.3536477634
1561908.3536477634
1561908.3536477634
1561908.3536477634
1561908.3536477634
1561908.3536477634
1561908.3536477634
1561908.3536477634
1561908.3536477634
1561908.3536477634
1561908.3536477634
1561908.3536477634
1561908.3536477634
1561908.3536477634
1561908.3536477634
1561908.3536477634
1561908.3536477634
1561908.3536477634
1561908.3536477634
1561908.3536477634
1561908.3536477634
1561908.3536477634
1561908.3536477634
1561908.3536477634
1561908.3536477634
1561908.3536477634
1561908.3536477634
1561908.3536477634
1561908.3536477634
1561908.3536477634
1561908.3536477634
1561908.3536477634
1561908.3536477634
1561908.3536477634
1561908.3536477634
1561908.3536477634
1561908.3536477634
1561908.3536477634
1561908.3536477634
1561908.3536477634
1561908.3536477634
1533624.182634107
1533624.182634107
1533624.182634107
1533624.182634107
1533624.182634107
1533624.182634107
1533624.182634107
1533624.182634107
1533624.182634107
1533624.182634107
1533624.182634107
1533624.182634107
1533624.182634107
1533624.182634107
1533624.182634107
1533624.182634107
1533624.182634107
1533624.182634107
1533624.182634107
1533624.182634107
1533624.182634107
1533624.182634107
1533624.182634107
1533624.182634107
1533624.182634107
1533624.182634107
1533624.182634107
1533624.182634107
1533624.182634107
1533624.182634107
1533624.182634107
1533624.182634107
1533624.182634107
1533624.182634107
1533624.182634107
1533624.182634107
1533624.182634107
1533624.182634107
1533624.182634107
1533624.182634107
1533624.182634107
1533624.182634107
1533624.182634107
1533624.182634107
1533624.182634107
1533624.182634107
1533624.182634107
1533624.182634107
1533624.182634107
1533624.182634107
1533624.182634107
1533624.182634107
1533624.182634107
1533624.182634107
1533624.182634107
1533624.182634107
1533624.182634107
1533624.182634107
1533624.182634107
1533624.182634107
1533624.182634107
1533624.182634107
1533624.182634107
1533624.182634107
1533624.182634107
1533624.182634107
1533624.182634107
1533624.182634107
1533624.182634107
1533624.182634107
1533624.182634107
1533624.182634107
1533624.182634107
1533624.182634107
1533624.182634107
1533624.182634107
1533624.182634107
1533624.182634107
1533624.182634107
1533624.182634107
1533624.182634107
1533624.182634107
1533624.182634107
1533624.182634107
1533624.182634107
1533624.182634107
1533624.182634107
1492855.8643014703
1492855.8643014703
1492855.8643014703
1492855.8643014703
1448357.497913894
1448357.497913894
1448357.497913894
1362611.5791975795
1362611.5791975795
1362611.5791975795
1362611.5791975795
1362611.5791975795
1362611.5791975795
1362611.5791975795
1362611.5791975795
1362611.5791975795
1362611.5791975795
1362611.5791975795
1362611.5791975795
1362611.5791975795
1362611.5791975795
1362611.5791975795
1362611.5791975795
1362611.5791975795
1362611.5791975795
1354533.6350877967
1354533.6350877967
1354533.6350877967
1354533.6350877967
1354533.6350877967
1185831.3938466508
1185831.3938466508
1185831.3938466508
1185831.3938466508
1169223.540149883
1169223.540149883
1169223.540149883
1164828.1402473631
1164828.1402473631
1164828.1402473631
1164828.1402473631
1164828.1402473631
1164828.1402473631
1164828.1402473631
1164828.1402473631
1164828.1402473631
1164828.1402473631
1164828.1402473631
1164828.1402473631
1164828.1402473631
1164828.1402473631
1164828.1402473631
1162593.8551101664
1162593.8551101664
1162593.8551101664
1162593.8551101664
1162593.8551101664
1162593.8551101664
1162593.8551101664
1162593.8551101664
1162593.8551101664
1162593.8551101664
1162593.8551101664
1162593.8551101664
1157721.092874948
1157721.092874948
1157721.092874948
1157721.092874948
1157721.092874948
1157721.092874948
1157721.092874948
1157721.092874948
1157721.092874948
1157721.092874948
1157721.092874948
1157721.092874948
1157721.092874948
1157721.092874948
1157721.092874948
1157721.092874948
1157721.092874948
1157295.0936031246
1157295.0936031246
1157295.0936031246
1152796.7800762597
1152796.7800762597
1152796.7800762597
1152796.7800762597
1152796.7800762597
1152796.7800762597
1152796.7800762597
1152796.7800762597
1152796.7800762597
1152796.7800762597
1152796.7800762597
1152796.7800762597
1152796.7800762597
1152796.7800762597
1152796.7800762597
1152796.7800762597
1152796.7800762597
1152796.7800762597
1152796.7800762597
1152796.7800762597
1152796.7800762597
1152796.7800762597
1152796.7800762597
1152796.7800762597
1152796.7800762597
1152796.7800762597
1152796.7800762597
1152796.7800762597
1152796.7800762597
1152796.7800762597
1152796.7800762597
1152796.7800762597
1152796.7800762597
1152796.7800762597
1152796.7800762597
1152796.7800762597
1152796.7800762597
1152796.7800762597
1152796.7800762597
1152796.7800762597
1152796.7800762597
1131003.160748359
1131003.160748359
1131003.160748359
1131003.160748359
1131003.160748359
1131003.160748359
1131003.160748359
1131003.160748359
1131003.160748359
1131003.160748359
1131003.160748359
1131003.160748359
1131003.160748359
1131003.160748359
1131003.160748359
1131003.160748359
1131003.160748359
1131003.160748359
1131003.160748359
1131003.160748359
1131003.160748359
1131003.160748359
1131003.160748359
1131003.160748359
1131003.160748359
1131003.160748359
1131003.160748359
1131003.160748359
1131003.160748359
1131003.160748359
1131003.160748359
1131003.160748359
1131003.160748359
1131003.160748359
1131003.160748359
1131003.160748359
1131003.160748359
1131003.160748359
1131003.160748359
1131003.160748359
1131003.160748359
1131003.160748359
1131003.160748359
1131003.160748359
1131003.160748359
1131003.160748359
1131003.160748359
1131003.160748359
1131003.160748359
1131003.160748359
1131003.160748359
1131003.160748359
1131003.160748359
1131003.160748359
1131003.160748359
1131003.160748359
1131003.160748359
1131003.160748359
1131003.160748359
1131003.160748359
1131003.160748359
1131003.160748359
1131003.160748359
1131003.160748359
1131003.160748359
1131003.160748359
1131003.160748359
1131003.160748359
1124105.1841893077
1124105.1841893077
1124105.1841893077
1124105.1841893077
1124105.1841893077
1124105.1841893077
1124105.1841893077
1124105.1841893077
1124105.1841893077
1124105.1841893077
1124105.1841893077
1124105.1841893077
1124105.1841893077
1124105.1841893077
1124105.1841893077
1124105.1841893077
1124105.1841893077
1124105.1841893077
1124105.1841893077
1124105.1841893077
1124105.1841893077
1124105.1841893077
1124105.1841893077
1124105.1841893077
1124105.1841893077
1124105.1841893077
1124105.1841893077
1124105.1841893077
1124105.1841893077
1124105.1841893077
1124105.1841893077
1124105.1841893077
1124105.1841893077
1124105.1841893077
1124105.1841893077
1124105.1841893077
1124105.1841893077
1124105.1841893077
1124105.1841893077
1124105.1841893077
1124105.1841893077
1124105.1841893077
1124105.1841893077
1124105.1841893077
1124105.1841893077
1124105.1841893077
1124105.1841893077
1124105.1841893077
1124105.1841893077
1124105.1841893077
1124105.1841893077
1124105.1841893077
1124105.1841893077
1124105.1841893077
1124105.1841893077
1124105.1841893077
1124105.1841893077
1124105.1841893077
1124105.1841893077
1124105.1841893077
1124105.1841893077
1124105.1841893077
1124105.1841893077
1124105.1841893077
1124105.1841893077
1124105.1841893077
1124105.1841893077
1124105.1841893077
1124105.1841893077
1124105.1841893077
1124105.1841893077
1124105.1841893077
1124105.1841893077
1124105.1841893077
1124105.1841893077
1124105.1841893077
1124105.1841893077
1124105.1841893077
1124105.1841893077
1124105.1841893077
1124105.1841893077
1124105.1841893077
1124105.1841893077
1124105.1841893077
1124105.1841893077
1124105.1841893077
1124105.1841893077
1124105.1841893077
1124105.1841893077
1124105.1841893077
1124105.1841893077
1124105.1841893077
1124105.1841893077
1124105.1841893077
1124105.1841893077
1124105.1841893077
1124105.1841893077
1124105.1841893077
1124105.1841893077
1124105.1841893077
1124105.1841893077
1124105.1841893077
1124105.1841893077
1124105.1841893077
1124105.1841893077
1124105.1841893077
1124105.1841893077
1124105.1841893077
1124105.1841893077
1124105.1841893077
1124105.1841893077
1124105.1841893077
1124105.1841893077
1124105.1841893077
1124105.1841893077
1124105.1841893077
1124105.1841893077
1124105.1841893077
1124105.1841893077
1124105.1841893077
1124105.1841893077
1124105.1841893077
1124105.1841893077
1124105.1841893077
1124105.1841893077
1124105.1841893077
1124105.1841893077
1124105.1841893077
1124105.1841893077
1124105.1841893077
1124105.1841893077
1124105.1841893077
1124105.1841893077
1124105.1841893077
1124105.1841893077
1124105.1841893077
1124105.1841893077
1124105.1841893077
1124105.1841893077
1124105.1841893077
1124105.1841893077
1124105.1841893077
1124105.1841893077
1124105.1841893077
1124105.1841893077
1124105.1841893077
1124105.1841893077
1124105.1841893077
1124105.1841893077
1124105.1841893077
1124105.1841893077
1124105.1841893077
1124105.1841893077
1124105.1841893077
1124105.1841893077
1124105.1841893077
1124105.1841893077
1124105.1841893077
1124105.1841893077
1124105.1841893077
1124105.1841893077
1124105.1841893077
1124105.1841893077
1124105.1841893077
1124105.1841893077
1124105.1841893077
1110524.5062626775
1110524.5062626775
1110524.5062626775
1110524.5062626775
1110524.5062626775
1110524.5062626775
1110524.5062626775
1110524.5062626775
1110524.5062626775
1110524.5062626775
1110524.5062626775
1110524.5062626775
1110524.5062626775
1110524.5062626775
1110524.5062626775
1110524.5062626775
1110524.5062626775
1110524.5062626775
1110524.5062626775
1110524.5062626775
1110524.5062626775
1110524.5062626775
1110524.5062626775
1110524.5062626775
1110524.5062626775
1110524.5062626775
1110524.5062626775
1110524.5062626775
1110524.5062626775
1110524.5062626775
1110524.5062626775
1110524.5062626775
1110524.5062626775
1110524.5062626775
1110524.5062626775
1110524.5062626775
1110524.5062626775
1110524.5062626775
1110524.5062626775
#EXPERIMENT:7
3153113.083639019
3153113.083639019
3153113.083639019
3153113.083639019
3153113.083639019
3105474.834295705
3105474.834295705
3105474.834295705
3105474.834295705
3105474.834295705
3105474.834295705
3105474.834295705
3105474.834295705
3105474.834295705
3105474.834295705
3105474.834295705
3105474.834295705
3100573.8079343606
3100573.8079343606
3072630.074938826
3072630.074938826
3072630.074938826
2537921.3991198363
2537921.3991198363
2537921.3991198363
2537921.3991198363
2537921.3991198363
2537921.3991198363
2494149.0576539845
2494149.0576539845
2494149.0576539845
2492336.083321243
2492336.083321243
2492336.083321243
2492336.083321243
2492336.083321243
2492336.083321243
2492336.083321243
2477304.0704071
2463130.4050729005
2463130.4050729005
2463130.4050729005
2463130.4050729005
2463130.4050729005
2463130.4050729005
2463130.4050729005
2463130.4050729005
2463130.4050729005
2463130.4050729005
2463130.4050729005
2463130.4050729005
2463130.4050729005
2463130.4050729005
2463130.4050729005
2450578.0173401195
2450578.0173401195
2450578.0173401195
2450578.0173401195
2450578.0173401195
2450578.0173401195
2450578.0173401195
2450578.0173401195
2450578.0173401195
2450578.0173401195
2450578.0173401195
2450578.0173401195
2441343.368208802
2441343.368208802
2441343.368208802
2441343.368208802
2441343.368208802
2441343.368208802
2441343.368208802
2441343.368208802
2441343.368208802
2441343.368208802
2441343.368208802
2441343.368208802
2441343.368208802
2441343.368208802
2441343.368208802
2441343.368208802
2441343.368208802
2441343.368208802
2441343.368208802
2441343.368208802
2441343.368208802
2441343.368208802
2441343.368208802
2441343.368208802
2441343.368208802
2441343.368208802
2441343.368208802
2441343.368208802
2441343.368208802
2441343.368208802
2441343.368208802
2441343.368208802
2441343.368208802
2441343.368208802
2441343.368208802
2441343.368208802
2441343.368208802
2441343.368208802
2441343.368208802
2441343.368208802
2441343.368208802
2441343.368208802
2441343.368208802
2441343.368208802
2441343.368208802
2441343.368208802
2441343.368208802
2441343.368208802
2441343.368208802
2441343.368208802
2441343.368208802
2441343.368208802
2441343.368208802
2441343.368208802
2441343.368208802
2441343.368208802
2441343.368208802
2441343.368208802
2441343.368208802
2441343.368208802
2441343.368208802
2441343.368208802
2441343.368208802
2441343.368208802
1728208.8319184799
1728208.8319184799
1728208.8319184799
1728208.8319184799
1728208.8319184799
1366698.3269867566
1366698.3269867566
1366698.3269867566
1366698.3269867566
1366698.3269867566
1366698.3269867566
1366698.3269867566
1366698.3269867566
1366698.3269867566
1313171.5964036314
1313171.5964036314
1313171.5964036314
1313171.5964036314
1313171.5964036314
1313171.5964036314
1224428.9871233571
1224428.9871233571
1224428.9871233571
1224428.9871233571
1224428.9871233571
1224428.9871233571
1206227.1248405147
1192019.685826186
1192019.685826186
1192019.685826186
1192019.685826186
1192019.685826186
1192019.685826186
1190097.2401713738
1190097.2401713738
1190097.2401713738
1190097.2401713738
1190097.2401713738
1190097.2401713738
1190097.2401713738
1190097.2401713738
1190097.2401713738
1190097.2401713738
1190097.2401713738
1190097.2401713738
1190097.2401713738
1190097.2401713738
1190097.2401713738
1190097.2401713738
1190097.2401713738
1185495.254867365
1185495.254867365
1185495.254867365
1185495.254867365
1128995.7913683637
1128995.7913683637
1128995.7913683637
1128995.7913683637
1128995.7913683637
1128995.7913683637
1128995.7913683637
1128995.7913683637
1128995.7913683637
1128995.7913683637
1128995.7913683637
1128995.7913683637
1128995.7913683637
1128995.7913683637
1128995.7913683637
1128995.7913683637
1128995.7913683637
1128995.7913683637
1128995.7913683637
1128995.7913683637
1128995.7913683637
1128995.7913683637
1128995.7913683637
1128995.7913683637
1128995.7913683637
1128995.7913683637
1128995.7913683637
1128995.7913683637
1128995.7913683637
1128995.7913683637
1128995.7913683637
1128995.7913683637
1128995.7913683637
1128995.7913683637
1128995.7913683637
1128995.7913683637
1128995.7913683637
1128995.7913683637
1128995.7913683637
1128995.7913683637
1128995.7913683637
1128995.7913683637
1128995.7913683637
1128995.7913683637
1128995.7913683637
1128995.7913683637
1128995.7913683637
1128995.7913683637
1128995.7913683637
1128995.7913683637
1128995.7913683637
1128995.7913683637
1128995.7913683637
1128995.7913683637
1128995.7913683637
1128995.7913683637
1128995.7913683637
1128995.7913683637
1128995.7913683637
1128995.7913683637
1128995.7913683637
1128995.7913683637
1128995.7913683637
1128995.7913683637
1128995.7913683637
1128995.7913683637
1128995.7913683637
1128995.7913683637
1128995.7913683637
1128995.7913683637
1128995.7913683637
1128995.7913683637
1128995.7913683637
1128995.7913683637
1128995.7913683637
1128995.7913683637
1128995.7913683637
1128995.7913683637
1128995.7913683637
1128995.7913683637
1128995.7913683637
1128995.7913683637
1128995.7913683637
1128995.7913683637
1128995.7913683637
1128995.7913683637
1128995.7913683637
1128995.7913683637
1128995.7913683637
1128995.7913683637
1128995.7913683637
1128995.7913683637
1128995.7913683637
1128995.7913683637
1128995.7913683637
1128995.7913683637
1128995.7913683637
1128995.7913683637
1128995.7913683637
1128995.7913683637
1128995.7913683637
1128995.7913683637
1128995.7913683637
1128995.7913683637
1128995.7913683637
1128995.7913683637
1128995.7913683637
1128995.7913683637
1128995.7913683637
1128995.7913683637
1128995.7913683637
1128995.7913683637
1128995.7913683637
1128995.7913683637
1128995.7913683637
1128995.7913683637
1128995.7913683637
1128995.7913683637
1128995.7913683637
1128995.7913683637
1128995.7913683637
1128995.7913683637
1128995.7913683637
1128995.7913683637
1128995.7913683637
1128995.7913683637
1128995.7913683637
1128995.7913683637
1128995.7913683637
1128995.7913683637
1128995.7913683637
1128995.7913683637
1128995.7913683637
1128995.7913683637
1128995.7913683637
1128995.7913683637
1128995.7913683637
1128995.7913683637
1128995.7913683637
1128995.7913683637
1128995.7913683637
1128995.7913683637
1128995.7913683637
1128995.7913683637
1128995.7913683637
1128995.7913683637
1128995.7913683637
1128995.7913683637
1128995.7913683637
1128995.7913683637
1128995.7913683637
1128995.7913683637
1128995.7913683637
1128995.7913683637
1128995.7913683637
1128995.7913683637
1128995.7913683637
1128995.7913683637
1128995.7913683637
1128995.7913683637
1128995.7913683637
1128995.7913683637
1128995.7913683637
1128995.7913683637
1128995.7913683637
1128995.7913683637
1128995.7913683637
1128995.7913683637
1128995.7913683637
1128995.7913683637
1128995.7913683637
1128995.7913683637
1128995.7913683637
1128995.7913683637
1128995.7913683637
1128995.7913683637
1128995.7913683637
1128995.7913683637
1128995.7913683637
1128995.7913683637
1128995.7913683637
1128995.7913683637
1128995.7913683637
1128995.7913683637
1128995.7913683637
1128995.7913683637
1128995.7913683637
1128995.7913683637
1128995.7913683637
1128995.7913683637
1128995.7913683637
1128995.7913683637
1128995.7913683637
1128995.7913683637
1128995.7913683637
1128995.7913683637
1128995.7913683637
1128995.7913683637
1128995.7913683637
1128995.7913683637
1128995.7913683637
1128995.7913683637
1128995.7913683637
1128995.7913683637
1128995.7913683637
1128995.7913683637
1128995.7913683637
1128995.7913683637
1128995.7913683637
1128995.7913683637
1128995.7913683637
1128995.7913683637
1128995.7913683637
1128995.7913683637
1128995.7913683637
1128995.7913683637
1128995.7913683637
1128995.7913683637
1128995.7913683637
1128995.7913683637
1128995.7913683637
1128995.7913683637
1128995.7913683637
1128995.7913683637
1128995.7913683637
1128995.7913683637
1128995.7913683637
1128995.7913683637
1128995.7913683637
1128995.7913683637
1128995.7913683637
1128995.7913683637
1128995.7913683637
1128995.7913683637
1128995.7913683637
1128995.7913683637
1128995.7913683637
1128995.7913683637
1128995.7913683637
1128995.7913683637
1128995.7913683637
1128995.7913683637
1128995.7913683637
1128995.7913683637
1128995.7913683637
1128995.7913683637
1128995.7913683637
1128995.7913683637
1128995.7913683637
1128995.7913683637
1128995.7913683637
1128995.7913683637
1128995.7913683637
1128995.7913683637
1128995.7913683637
1128995.7913683637
1128995.7913683637
1128995.7913683637
1128995.7913683637
1128995.7913683637
1128995.7913683637
1128995.7913683637
1128995.7913683637
1128995.7913683637
1128995.7913683637
1128995.7913683637
1128995.7913683637
1128995.7913683637
1128995.7913683637
1128995.7913683637
1128995.7913683637
1128995.7913683637
1128995.7913683637
1128995.7913683637
1128995.7913683637
1128995.7913683637
1128995.7913683637
1128995.7913683637
1128995.7913683637
1128995.7913683637
1128995.7913683637
1128995.7913683637
1128995.7913683637
1128995.7913683637
1128995.7913683637
1128995.7913683637
1128995.7913683637
1128995.7913683637
1128995.7913683637
1128995.7913683637
1128995.7913683637
1128995.7913683637
1128995.7913683637
1128995.7913683637
1128995.7913683637
1128995.7913683637
1128995.7913683637
1128995.7913683637
1128995.7913683637
1128995.7913683637
1128995.7913683637
1128995.7913683637
1128995.7913683637
1128995.7913683637
1128995.7913683637
1128995.7913683637
1128995.7913683637
1128995.7913683637
1128995.7913683637
1128995.7913683637
1128995.7913683637
1128995.7913683637
1128995.7913683637
1128995.7913683637
1128995.7913683637
1128995.7913683637
1128995.7913683637
1128995.7913683637
1128995.7913683637
1128995.7913683637
1128995.7913683637
1128995.7913683637
1128995.7913683637
1128995.7913683637
1128995.7913683637
1128995.7913683637
1128995.7913683637
1128995.7913683637
1128995.7913683637
1128995.7913683637
1128995.7913683637
1128995.7913683637
1128995.7913683637
1128995.7913683637
1128995.7913683637
1128995.7913683637
1128995.7913683637
1128995.7913683637
1128995.7913683637
1128995.7913683637
1128995.7913683637
1128995.7913683637
1128995.7913683637
1128995.7913683637
1128995.7913683637
1128995.7913683637
1128995.7913683637
1128995.7913683637
1128995.7913683637
1128995.7913683637
1128995.7913683637
1128995.7913683637
1128995.7913683637
1128995.7913683637
1128995.7913683637
1128995.7913683637
1128995.7913683637
1128995.7913683637
1128995.7913683637
1128995.7913683637
1128995.7913683637
1128995.7913683637
1128995.7913683637
1128995.7913683637
1128995.7913683637
1128995.7913683637
1128995.7913683637
1128995.7913683637
1128995.7913683637
1128995.7913683637
1128995.7913683637
1128995.7913683637
1128995.7913683637
1128995.7913683637
1128995.7913683637
1128995.7913683637
1128995.7913683637
1128995.7913683637
1128995.7913683637
1128995.7913683637
1128995.7913683637
1128995.7913683637
1128995.7913683637
1128995.7913683637
1128995.7913683637
1128995.7913683637
1128995.7913683637
1128995.7913683637
1128995.7913683637
1128995.7913683637
1128995.7913683637
1128995.7913683637
1128995.7913683637
1128995.7913683637
1128995.7913683637
1128995.7913683637
1128995.7913683637
1128995.7913683637
1128995.7913683637
1128995.7913683637
1128995.7913683637
1128995.7913683637
1128995.7913683637
1128995.7913683637
1128995.7913683637
1128995.7913683637
1128995.7913683637
1128995.7913683637
1128995.7913683637
1128995.7913683637
1128995.7913683637
1128995.7913683637
1128995.7913683637
1128995.7913683637
1128995.7913683637
1128995.7913683637
1128995.7913683637
1128995.7913683637
1128995.7913683637
1128995.7913683637
1128995.7913683637
1128995.7913683637
1128995.7913683637
1128995.7913683637
1128995.7913683637
1128995.7913683637
1128995.7913683637
1128995.7913683637
1128995.7913683637
1128995.7913683637
1128995.7913683637
1128995.7913683637
1128995.7913683637
1128995.7913683637
1128995.7913683637
1128995.7913683637
1128995.7913683637
1128995.7913683637
1128995.7913683637
1128995.7913683637
1128995.7913683637
1128995.7913683637
1128995.7913683637
1128995.7913683637
1128995.7913683637
1128995.7913683637
1128995.7913683637
1128995.7913683637
1128995.7913683637
1128995.7913683637
1128995.7913683637
1128995.7913683637
1128995.7913683637
1128995.7913683637
1128995.7913683637
1128995.7913683637
1128995.7913683637
1128995.7913683637
1128995.7913683637
1128995.7913683637
1128995.7913683637
1128995.7913683637
1128995.7913683637
1128995.7913683637
1128995.7913683637
1128995.7913683637
1128995.7913683637
1128995.7913683637
1128995.7913683637
1128995.7913683637
1128995.7913683637
1128995.7913683637
1128995.7913683637
1128995.7913683637
1128995.7913683637
1128995.7913683637
1128995.7913683637
1128995.7913683637
1128995.7913683637
1128995.7913683637
1128995.7913683637
1128995.7913683637
1128995.7913683637
1128995.7913683637
1128995.7913683637
1128995.7913683637
1128995.7913683637
1128995.7913683637
1128995.7913683637
1128995.7913683637
1128995.7913683637
1128995.7913683637
1128995.7913683637
1128995.7913683637
1128995.7913683637
1128995.7913683637
1128995.7913683637
1128995.7913683637
1128995.7913683637
1128995.7913683637
1128995.7913683637
1128995.7913683637
1128995.7913683637
1128995.7913683637
1128995.7913683637
1128995.7913683637
1128995.7913683637
1128995.7913683637
1128995.7913683637
1128995.7913683637
1128995.7913683637
1128995.7913683637
1128995.7913683637
1128995.7913683637
1128995.7913683637
1128995.7913683637
1128995.7913683637
1128995.7913683637
1128995.7913683637
1128995.7913683637
1128995.7913683637
1128995.7913683637
1128995.7913683637
1128995.7913683637
1128995.7913683637
1128995.7913683637
1128995.7913683637
1128995.7913683637
1128995.7913683637
1128995.7913683637
1128995.7913683637
1128995.7913683637
1128995.7913683637
1128995.7913683637
1128995.7913683637
1128995.7913683637
1128995.7913683637
1128995.7913683637
1128995.7913683637
1128995.7913683637
1128995.7913683637
1128995.7913683637
1128995.7913683637
1128995.7913683637
1128995.7913683637
1128995.7913683637
1128995.7913683637
1128995.7913683637
1128995.7913683637
1128995.7913683637
1128995.7913683637
1128995.7913683637
1128995.7913683637
1128995.7913683637
1128995.7913683637
1128995.7913683637
1128995.7913683637
1128995.7913683637
1128995.7913683637
1108247.2687912886
1108247.2687912886
1108247.2687912886
1108247.2687912886
1108247.2687912886
1108247.2687912886
1108247.2687912886
1108247.2687912886
1108247.2687912886
1108247.2687912886
1108247.2687912886
1108247.2687912886
1108247.2687912886
1108247.2687912886
1108247.2687912886
1108247.2687912886
1108247.2687912886
1108247.2687912886
1108247.2687912886
1108247.2687912886
1108247.2687912886
1108247.2687912886
1108247.2687912886
1108247.2687912886
1108247.2687912886
1108247.2687912886
1108247.2687912886
1108247.2687912886
1108247.2687912886
1108247.2687912886
1108247.2687912886
1108247.2687912886
1108247.2687912886
1108247.2687912886
1108247.2687912886
1108247.2687912886
1108247.2687912886
1108247.2687912886
1108247.2687912886
1108247.2687912886
1108247.2687912886
1108247.2687912886
1108247.2687912886
1108247.2687912886
1108247.2687912886
1108247.2687912886
1108247.2687912886
1108247.2687912886
1108247.2687912886
1108247.2687912886
1108247.2687912886
1108247.2687912886
1108247.2687912886
1108247.2687912886
1108247.2687912886
1108247.2687912886
1108247.2687912886
1108247.2687912886
1108247.2687912886
1108247.2687912886
1108247.2687912886
1108247.2687912886
1108247.2687912886
1108247.2687912886
1108247.2687912886
1108247.2687912886
1108247.2687912886
1108247.2687912886
1108247.2687912886
1108247.2687912886
1108247.2687912886
1108247.2687912886
1108247.2687912886
1108247.2687912886
1108247.2687912886
1108247.2687912886
1108247.2687912886
1108247.2687912886
1108247.2687912886
1108247.2687912886
1108247.2687912886
1108247.2687912886
1108247.2687912886
1108247.2687912886
1108247.2687912886
1108247.2687912886
1108247.2687912886
1108247.2687912886
1108247.2687912886
1108247.2687912886
1108247.2687912886
1108247.2687912886
1108247.2687912886
1108247.2687912886
1108247.2687912886
1108247.2687912886
1108247.2687912886
1108247.2687912886
1108247.2687912886
1108247.2687912886
1108247.2687912886
1108247.2687912886
1108247.2687912886
1108247.2687912886
1108247.2687912886
1108247.2687912886
1108247.2687912886
1108247.2687912886
1108247.2687912886
1108247.2687912886
1108247.2687912886
1108247.2687912886
1108247.2687912886
1108247.2687912886
1108247.2687912886
1108247.2687912886
1108247.2687912886
1108247.2687912886
1108247.2687912886
1108247.2687912886
1108247.2687912886
1108247.2687912886
1108247.2687912886
1108247.2687912886
1108247.2687912886
1108247.2687912886
1108247.2687912886
1108247.2687912886
1108247.2687912886
1108247.2687912886
1108247.2687912886
1108247.2687912886
1108247.2687912886
1108247.2687912886
1108247.2687912886
1108247.2687912886
1108247.2687912886
1108247.2687912886
1108247.2687912886
1108247.2687912886
1108247.2687912886
1108247.2687912886
1108247.2687912886
1108247.2687912886
1108247.2687912886
1108247.2687912886
1108247.2687912886
1108247.2687912886
1108247.2687912886
1108247.2687912886
1108247.2687912886
1108247.2687912886
1108247.2687912886
1108247.2687912886
1108247.2687912886
1108247.2687912886
1108247.2687912886
1108247.2687912886
1108247.2687912886
1108247.2687912886
1108247.2687912886
1108247.2687912886
1108247.2687912886
1108247.2687912886
1108247.2687912886
1108247.2687912886
1108247.2687912886
1108247.2687912886
1108247.2687912886
1108247.2687912886
1108247.2687912886
1108247.2687912886
1108247.2687912886
1108247.2687912886
1108247.2687912886
1108247.2687912886
1108247.2687912886
1108247.2687912886
1108247.2687912886
1108247.2687912886
1108247.2687912886
1108247.2687912886
1108247.2687912886
1108247.2687912886
1108247.2687912886
1108247.2687912886
1108247.2687912886
1108247.2687912886
1108247.2687912886
1108247.2687912886
1108247.2687912886
1108247.2687912886
1108247.2687912886
1108247.2687912886
1108247.2687912886
1108247.2687912886
1108247.2687912886
1108247.2687912886
1108247.2687912886
1108247.2687912886
1108247.2687912886
1108247.2687912886
1108247.2687912886
1108247.2687912886
1108247.2687912886
1108247.2687912886
1108247.2687912886
1108247.2687912886
1108247.2687912886
1108247.2687912886
1108247.2687912886
1108247.2687912886
1108247.2687912886
1108247.2687912886
1108247.2687912886
1108247.2687912886
1108247.2687912886
1108247.2687912886
1108247.2687912886
1108247.2687912886
1108247.2687912886
1108247.2687912886
1108247.2687912886
1108247.2687912886
1108247.2687912886
1108247.2687912886
1108247.2687912886
1108247.2687912886
1108247.2687912886
1108247.2687912886
1108247.2687912886
1108247.2687912886
1108247.2687912886
1108247.2687912886
1108247.2687912886
1108247.2687912886
1108247.2687912886
1108247.2687912886
1108247.2687912886
1108247.2687912886
1108247.2687912886
1108247.2687912886
1108247.2687912886
1108247.2687912886
1108247.2687912886
1108247.2687912886
1108247.2687912886
1108247.2687912886
1108247.2687912886
1108247.2687912886
1108247.2687912886
1108247.2687912886
1108247.2687912886
1108247.2687912886
1108247.2687912886
1108247.2687912886
#EXPERIMENT:8
2860272.153861868
2860272.153861868
2860272.153861868
2860272.153861868
2774853.3022453887
2774853.3022453887
2774853.3022453887
2774853.3022453887
2774853.3022453887
2774853.3022453887
2774853.3022453887
2774853.3022453887
2774853.3022453887
2774853.3022453887
2774853.3022453887
2774853.3022453887
2774853.3022453887
2774853.3022453887
2774853.3022453887
2774853.3022453887
2774853.3022453887
2774853.3022453887
2774853.3022453887
2774853.3022453887
2774853.3022453887
2774853.3022453887
2774853.3022453887
2774853.3022453887
2774853.3022453887
2774853.3022453887
2774853.3022453887
2774853.3022453887
2774853.3022453887
2774853.3022453887
2774853.3022453887
2774853.3022453887
2774853.3022453887
2774853.3022453887
2774853.3022453887
2774853.3022453887
2774853.3022453887
2774853.3022453887
2774853.3022453887
2774853.3022453887
2774853.3022453887
2774853.3022453887
2774853.3022453887
2774853.3022453887
2774853.3022453887
2774853.3022453887
2774853.3022453887
2774853.3022453887
2774853.3022453887
2774853.3022453887
2774853.3022453887
2774853.3022453887
2774853.3022453887
2774853.3022453887
2774853.3022453887
2774853.3022453887
2774853.3022453887
2774853.3022453887
2774853.3022453887
2774853.3022453887
2774853.3022453887
2774853.3022453887
2774853.3022453887
2774853.3022453887
2774853.3022453887
2774853.3022453887
2774853.3022453887
2774853.3022453887
2774853.3022453887
2774853.3022453887
2774853.3022453887
2774853.3022453887
2774853.3022453887
2774853.3022453887
2774853.3022453887
2774853.3022453887
2774853.3022453887
2774853.3022453887
2774853.3022453887
2774853.3022453887
2774853.3022453887
2774853.3022453887
2774853.3022453887
2351628.436249091
2351628.436249091
2351628.436249091
2351628.436249091
2351628.436249091
2351628.436249091
2351628.436249091
2351628.436249091
2351628.436249091
2351628.436249091
2351628.436249091
2351628.436249091
2351628.436249091
2351628.436249091
2351628.436249091
2351628.436249091
2351628.436249091
2351628.436249091
2351628.436249091
2351628.436249091
2351628.436249091
2351628.436249091
2351628.436249091
2351628.436249091
2351628.436249091
2330496.510906211
2330496.510906211
2330496.510906211
2259473.9460901543
2259473.9460901543
2259473.9460901543
2259473.9460901543
2259473.9460901543
2259473.9460901543
2259473.9460901543
2259473.9460901543
2259473.9460901543
2259473.9460901543
2259473.9460901543
2259473.9460901543
2256810.93760872
2256810.93760872
2253469.2321933713
2253469.2321933713
2253469.2321933713
2253469.2321933713
2253469.2321933713
2253469.2321933713
2253469.2321933713
2198779.842331772
2198779.842331772
2198779.842331772
1689230.2945293186
1689230.2945293186
1689230.2945293186
1678468.9273598206
1678468.9273598206
1573287.5436302023
1573287.5436302023
1573287.5436302023
1573287.5436302023
1286784.0351470406
1282138.4767521718
1228730.426339547
1228730.426339547
1228730.426339547
1228730.426339547
1217309.3081548472
1217309.3081548472
1203348.3657301397
1185008.582963846
1185008.582963846
1185008.582963846
1185008.582963846
1185008.582963846
1185008.582963846
1185008.582963846
1185008.582963846
1182259.1652276323
1182259.1652276323
1182259.1652276323
1182259.1652276323
1182259.1652276323
1137419.6182384202
1137419.6182384202
1137419.6182384202
1137419.6182384202
1137419.6182384202
1137419.6182384202
1137419.6182384202
1137419.6182384202
1137419.6182384202
1137419.6182384202
1137419.6182384202
1137419.6182384202
1137419.6182384202
1137419.6182384202
1137419.6182384202
1137419.6182384202
1137419.6182384202
1137419.6182384202
1137419.6182384202
1137419.6182384202
1137419.6182384202
1137419.6182384202
1137419.6182384202
1137419.6182384202
1137419.6182384202
1137419.6182384202
1137419.6182384202
1137419.6182384202
1137419.6182384202
1137419.6182384202
1137419.6182384202
1137419.6182384202
1137419.6182384202
1137419.6182384202
1137419.6182384202
1137419.6182384202
1137419.6182384202
1137419.6182384202
1137419.6182384202
1137419.6182384202
1137419.6182384202
1137419.6182384202
1137419.6182384202
1137419.6182384202
1137419.6182384202
1137419.6182384202
1137419.6182384202
1137419.6182384202
1137419.6182384202
1137419.6182384202
1137419.6182384202
1137419.6182384202
1137419.6182384202
1137419.6182384202
1137419.6182384202
1137419.6182384202
1137419.6182384202
1137419.6182384202
1137419.6182384202
1137419.6182384202
1137419.6182384202
1137419.6182384202
1137419.6182384202
1137419.6182384202
1137419.6182384202
1137419.6182384202
1137419.6182384202
1137419.6182384202
1137419.6182384202
1137419.6182384202
1137419.6182384202
1137419.6182384202
1137419.6182384202
1137419.6182384202
1137419.6182384202
1137419.6182384202
1137419.6182384202
1137419.6182384202
1137419.6182384202
1137419.6182384202
1137419.6182384202
1137419.6182384202
1137419.6182384202
1137419.6182384202
1137419.6182384202
1137419.6182384202
1137419.6182384202
1137419.6182384202
1137419.6182384202
1137419.6182384202
1137419.6182384202
1137419.6182384202
1137419.6182384202
1137419.6182384202
1137419.6182384202
1137419.6182384202
1137419.6182384202
1137419.6182384202
1137419.6182384202
1137419.6182384202
1137419.6182384202
1137419.6182384202
1137419.6182384202
1137419.6182384202
1137419.6182384202
1137419.6182384202
1137419.6182384202
1137419.6182384202
1137419.6182384202
1137419.6182384202
1137419.6182384202
1137419.6182384202
1137419.6182384202
1137419.6182384202
1137419.6182384202
1137419.6182384202
1137419.6182384202
1137419.6182384202
1137419.6182384202
1137419.6182384202
1137419.6182384202
1137419.6182384202
1137419.6182384202
1137419.6182384202
1137419.6182384202
1137419.6182384202
1137419.6182384202
1137419.6182384202
1137419.6182384202
1137419.6182384202
1137419.6182384202
1137419.6182384202
1137419.6182384202
1137419.6182384202
1137419.6182384202
1135377.0391086675
1135377.0391086675
1135377.0391086675
1135377.0391086675
1135377.0391086675
1135377.0391086675
1135377.0391086675
1135377.0391086675
1135377.0391086675
1135377.0391086675
1135377.0391086675
1135377.0391086675
1128292.0654457943
1128292.0654457943
1128292.0654457943
1128292.0654457943
1128292.0654457943
1128292.0654457943
1128292.0654457943
1128292.0654457943
1128292.0654457943
1128292.0654457943
1128292.0654457943
1128292.0654457943
1128292.0654457943
1128292.0654457943
1128292.0654457943
1128292.0654457943
1128292.0654457943
1128292.0654457943
1128292.0654457943
1128292.0654457943
1128292.0654457943
1128292.0654457943
1128292.0654457943
1128292.0654457943
1128292.0654457943
1128292.0654457943
1128292.0654457943
1128292.0654457943
1128292.0654457943
1128292.0654457943
1128292.0654457943
1128292.0654457943
1128292.0654457943
1128292.0654457943
1128292.0654457943
1128292.0654457943
1128292.0654457943
1128292.0654457943
1128292.0654457943
1128292.0654457943
1128292.0654457943
1128292.0654457943
1128292.0654457943
1128292.0654457943
1128292.0654457943
1128292.0654457943
1128292.0654457943
1128292.0654457943
1128292.0654457943
1128292.0654457943
1128292.0654457943
1128292.0654457943
1128292.0654457943
1128292.0654457943
1128292.0654457943
1128292.0654457943
1128292.0654457943
1128292.0654457943
1128292.0654457943
1128292.0654457943
1128292.0654457943
1128292.0654457943
1128292.0654457943
1128292.0654457943
1128292.0654457943
1128292.0654457943
1128292.0654457943
1128292.0654457943
1128292.0654457943
1128292.0654457943
1128292.0654457943
1128292.0654457943
1128292.0654457943
1128292.0654457943
1128292.0654457943
1128292.0654457943
1128292.0654457943
1128292.0654457943
1128292.0654457943
1128292.0654457943
1128292.0654457943
1128292.0654457943
1128292.0654457943
1128292.0654457943
1128292.0654457943
1128292.0654457943
1128292.0654457943
1128292.0654457943
1128292.0654457943
1128292.0654457943
1127532.1593963283
1127532.1593963283
1127532.1593963283
1127532.1593963283
1127532.1593963283
1127532.1593963283
1127532.1593963283
1127532.1593963283
1127532.1593963283
1127532.1593963283
1127532.1593963283
1127532.1593963283
1127532.1593963283
1127532.1593963283
1127532.1593963283
1127532.1593963283
1127532.1593963283
1127532.1593963283
1127532.1593963283
1127532.1593963283
1127532.1593963283
1127532.1593963283
1127532.1593963283
1127532.1593963283
1127532.1593963283
1127532.1593963283
1127532.1593963283
1127532.1593963283
1127532.1593963283
1127532.1593963283
1127532.1593963283
1127532.1593963283
1127532.1593963283
1127532.1593963283
1127532.1593963283
1127532.1593963283
1127532.1593963283
1127532.1593963283
1127532.1593963283
1127532.1593963283
1127532.1593963283
1127532.1593963283
1127532.1593963283
1127532.1593963283
1127532.1593963283
1127532.1593963283
1127532.1593963283
1127532.1593963283
1127532.1593963283
1127532.1593963283
1127532.1593963283
1127532.1593963283
1127532.1593963283
1127532.1593963283
1127532.1593963283
1127532.1593963283
1127532.1593963283
1127532.1593963283
1127532.1593963283
1127532.1593963283
1127532.1593963283
1127532.1593963283
1127532.1593963283
1127532.1593963283
1127532.1593963283
1127532.1593963283
1127532.1593963283
1127532.1593963283
1127532.1593963283
1127532.1593963283
1127532.1593963283
1127532.1593963283
1127532.1593963283
1127532.1593963283
1127532.1593963283
1127532.1593963283
1127532.1593963283
1127532.1593963283
1127532.1593963283
1127532.1593963283
1127532.1593963283
1127532.1593963283
1127532.1593963283
1127532.1593963283
1127532.1593963283
1127532.1593963283
1127532.1593963283
1127532.1593963283
1127532.1593963283
1127532.1593963283
1127532.1593963283
1127532.1593963283
1127532.1593963283
1127532.1593963283
1127532.1593963283
1127532.1593963283
1127484.3922126836
1127484.3922126836
1127484.3922126836
1127484.3922126836
1127484.3922126836
1127484.3922126836
1127484.3922126836
1127484.3922126836
1127484.3922126836
1127484.3922126836
1127484.3922126836
1127484.3922126836
1127484.3922126836
1127484.3922126836
1127484.3922126836
1127484.3922126836
1127484.3922126836
1127484.3922126836
1127484.3922126836
1127484.3922126836
1127484.3922126836
1127484.3922126836
1127484.3922126836
1127484.3922126836
1127484.3922126836
1127484.3922126836
1127484.3922126836
1127484.3922126836
1127484.3922126836
1127484.3922126836
1127484.3922126836
1127484.3922126836
1127484.3922126836
1127484.3922126836
1127484.3922126836
1127484.3922126836
1127484.3922126836
1127484.3922126836
1127484.3922126836
1127484.3922126836
1127484.3922126836
1127484.3922126836
1127484.3922126836
1127484.3922126836
1127484.3922126836
1127484.3922126836
1127484.3922126836
1127484.3922126836
1127484.3922126836
1127484.3922126836
1127484.3922126836
1127484.3922126836
1127484.3922126836
1127484.3922126836
1127484.3922126836
1127484.3922126836
1127484.3922126836
1127484.3922126836
1127484.3922126836
1127484.3922126836
1127484.3922126836
1127484.3922126836
1127484.3922126836
1127484.3922126836
1127484.3922126836
1127484.3922126836
1127484.3922126836
1127484.3922126836
1127484.3922126836
1127484.3922126836
1127484.3922126836
1127484.3922126836
1127484.3922126836
1127484.3922126836
1127484.3922126836
1127484.3922126836
1127484.3922126836
1127484.3922126836
1127484.3922126836
1127484.3922126836
1127484.3922126836
1127484.3922126836
1127484.3922126836
1127484.3922126836
1127484.3922126836
1127484.3922126836
1127484.3922126836
1127484.3922126836
1127484.3922126836
1127484.3922126836
1127484.3922126836
1127484.3922126836
1127484.3922126836
1127484.3922126836
1127484.3922126836
1127484.3922126836
1127484.3922126836
1127484.3922126836
1127484.3922126836
1127484.3922126836
1127484.3922126836
1127484.3922126836
1127484.3922126836
1127484.3922126836
1127484.3922126836
1127484.3922126836
1127484.3922126836
1127484.3922126836
1127484.3922126836
1127484.3922126836
1127484.3922126836
1127484.3922126836
1127484.3922126836
1127484.3922126836
1127484.3922126836
1127484.3922126836
1127484.3922126836
1127484.3922126836
1127484.3922126836
1127484.3922126836
1127484.3922126836
1127484.3922126836
1127484.3922126836
1127484.3922126836
1127484.3922126836
1127484.3922126836
1127484.3922126836
1127484.3922126836
1127484.3922126836
1127484.3922126836
1127484.3922126836
1127484.3922126836
1127484.3922126836
1127484.3922126836
1127484.3922126836
1127484.3922126836
1127484.3922126836
1127484.3922126836
1127484.3922126836
1127484.3922126836
1127484.3922126836
1127484.3922126836
1127484.3922126836
1107657.0010059765
1107657.0010059765
1107657.0010059765
1107657.0010059765
1107657.0010059765
1107657.0010059765
1107657.0010059765
1107657.0010059765
1107657.0010059765
1107657.0010059765
1107657.0010059765
1107657.0010059765
1107657.0010059765
1107657.0010059765
1107657.0010059765
1107657.0010059765
1107657.0010059765
1107657.0010059765
1107657.0010059765
1107657.0010059765
1107657.0010059765
1107657.0010059765
1107657.0010059765
1107657.0010059765
1107657.0010059765
1107657.0010059765
1107657.0010059765
1107657.0010059765
1107657.0010059765
1107657.0010059765
1107657.0010059765
1107657.0010059765
1107657.0010059765
1107657.0010059765
1107657.0010059765
1107657.0010059765
1107657.0010059765
1107657.0010059765
1107657.0010059765
1107657.0010059765
1107657.0010059765
1107657.0010059765
1107657.0010059765
1107657.0010059765
1107657.0010059765
1107657.0010059765
1107657.0010059765
1107657.0010059765
1107657.0010059765
1107657.0010059765
1107657.0010059765
1107657.0010059765
1107657.0010059765
1107657.0010059765
1107657.0010059765
1107657.0010059765
1107657.0010059765
1107657.0010059765
1107657.0010059765
1107657.0010059765
1107657.0010059765
1107657.0010059765
1107657.0010059765
1107657.0010059765
1107657.0010059765
1107657.0010059765
1107657.0010059765
1107657.0010059765
1107657.0010059765
1107657.0010059765
1107657.0010059765
1107657.0010059765
1107657.0010059765
1107657.0010059765
1107657.0010059765
1107657.0010059765
1107657.0010059765
1107657.0010059765
1107657.0010059765
1107657.0010059765
1107657.0010059765
1107657.0010059765
1107657.0010059765
1107657.0010059765
1107657.0010059765
1107657.0010059765
1107657.0010059765
1107657.0010059765
1107657.0010059765
1107657.0010059765
1107657.0010059765
1107657.0010059765
1107657.0010059765
1107657.0010059765
1107657.0010059765
1107657.0010059765
1107657.0010059765
1107657.0010059765
1107657.0010059765
1107657.0010059765
1107657.0010059765
1107657.0010059765
1107657.0010059765
1107657.0010059765
1107657.0010059765
1107657.0010059765
1107657.0010059765
1107657.0010059765
1107657.0010059765
1107657.0010059765
1107657.0010059765
1107657.0010059765
1107657.0010059765
1107657.0010059765
1107657.0010059765
1107657.0010059765
1107657.0010059765
1107657.0010059765
1107657.0010059765
1107657.0010059765
1107657.0010059765
1107657.0010059765
1107657.0010059765
1107657.0010059765
1107657.0010059765
1107657.0010059765
1107657.0010059765
1107657.0010059765
1107657.0010059765
1107657.0010059765
1107657.0010059765
1107657.0010059765
1107657.0010059765
1107657.0010059765
1107657.0010059765
1107657.0010059765
1107657.0010059765
1107657.0010059765
1107657.0010059765
1107657.0010059765
1107657.0010059765
1107657.0010059765
1107657.0010059765
1107657.0010059765
1107657.0010059765
1107657.0010059765
1107657.0010059765
1107657.0010059765
1107657.0010059765
1107657.0010059765
1107657.0010059765
1107657.0010059765
1107657.0010059765
1107657.0010059765
1107657.0010059765
1107657.0010059765
1107657.0010059765
1107657.0010059765
1107657.0010059765
1107657.0010059765
1107657.0010059765
1107657.0010059765
1107657.0010059765
1107657.0010059765
1107657.0010059765
1107657.0010059765
1107657.0010059765
1107657.0010059765
1107657.0010059765
1107657.0010059765
1107657.0010059765
1107657.0010059765
1107657.0010059765
1107657.0010059765
1107657.0010059765
1107657.0010059765
1107657.0010059765
1107657.0010059765
1107657.0010059765
1107657.0010059765
1107657.0010059765
1107657.0010059765
1107657.0010059765
1107657.0010059765
1107657.0010059765
1107657.0010059765
1107657.0010059765
1107657.0010059765
1107657.0010059765
1107657.0010059765
1107657.0010059765
1107657.0010059765
1107657.0010059765
1107657.0010059765
1107657.0010059765
1107657.0010059765
1107657.0010059765
1107657.0010059765
1107657.0010059765
1107657.0010059765
1107657.0010059765
1107657.0010059765
1107657.0010059765
1107657.0010059765
1107657.0010059765
1107657.0010059765
1107657.0010059765
1107657.0010059765
1107657.0010059765
1107657.0010059765
1107657.0010059765
1107657.0010059765
1107657.0010059765
1107657.0010059765
1107657.0010059765
1107657.0010059765
1107657.0010059765
1107657.0010059765
1107657.0010059765
1107657.0010059765
1107657.0010059765
1107657.0010059765
1107657.0010059765
1107657.0010059765
1107657.0010059765
1107657.0010059765
1107657.0010059765
1107657.0010059765
1107657.0010059765
1107657.0010059765
1107657.0010059765
1107657.0010059765
1107657.0010059765
1107657.0010059765
1107657.0010059765
1107657.0010059765
1107657.0010059765
1107657.0010059765
1107657.0010059765
1107657.0010059765
1107657.0010059765
1107657.0010059765
1107657.0010059765
1107657.0010059765
1107657.0010059765
1107657.0010059765
1107657.0010059765
1107657.0010059765
1107657.0010059765
1107657.0010059765
1107657.0010059765
1107657.0010059765
1107657.0010059765
1107657.0010059765
1107657.0010059765
1107657.0010059765
1107657.0010059765
1107657.0010059765
1107657.0010059765
1107657.0010059765
1107657.0010059765
1107657.0010059765
1107657.0010059765
1107657.0010059765
1107657.0010059765
1107657.0010059765
1107657.0010059765
1107657.0010059765
1107657.0010059765
1107657.0010059765
1107657.0010059765
1107657.0010059765
1107657.0010059765
1107657.0010059765
1107657.0010059765
1107657.0010059765
1107657.0010059765
1107657.0010059765
1107657.0010059765
1107657.0010059765
1107657.0010059765
1107657.0010059765
1107657.0010059765
1107657.0010059765
1107657.0010059765
1107657.0010059765
1107657.0010059765
1107657.0010059765
1107657.0010059765
1107657.0010059765
1107657.0010059765
1107657.0010059765
1107657.0010059765
1107657.0010059765
1107657.0010059765
1107657.0010059765
1107657.0010059765
1107657.0010059765
1107657.0010059765
1107657.0010059765
1107657.0010059765
1107657.0010059765
1107657.0010059765
1107657.0010059765
1107657.0010059765
1107657.0010059765
1107657.0010059765
1107657.0010059765
1107657.0010059765
1107657.0010059765
1107657.0010059765
1107657.0010059765
1107657.0010059765
1107657.0010059765
1107657.0010059765
1107657.0010059765
1107657.0010059765
1107657.0010059765
1107657.0010059765
1107657.0010059765
1107657.0010059765
1107657.0010059765
1107657.0010059765
1107657.0010059765
1107657.0010059765
1107657.0010059765
1107657.0010059765
1107657.0010059765
1107657.0010059765
1107657.0010059765
1107657.0010059765
1107657.0010059765
1107657.0010059765
1107657.0010059765
1107657.0010059765
1107657.0010059765
1107657.0010059765
1107657.0010059765
1107657.0010059765
1107657.0010059765
1107657.0010059765
1107657.0010059765
1107657.0010059765
1107657.0010059765
1107657.0010059765
1107657.0010059765
1107657.0010059765
1107657.0010059765
1107657.0010059765
1107657.0010059765
1107657.0010059765
1107657.0010059765
1107657.0010059765
#EXPERIMENT:9
3145072.9446980064
2431491.1328431717
2431491.1328431717
2431491.1328431717
2431491.1328431717
2431491.1328431717
2252197.1974351974
2184370.7550517484
2184370.7550517484
1641275.5040646154
1641275.5040646154
1641275.5040646154
1605155.9739530787
1605155.9739530787
1605155.9739530787
1588549.4270439544
1588549.4270439544
1588549.4270439544
1551186.239350837
1536993.0200580643
1536993.0200580643
1505191.185666287
1505191.185666287
1505191.185666287
1505191.185666287
1505191.185666287
1505191.185666287
1505191.185666287
1487413.7012934599
1487413.7012934599
1487413.7012934599
1487413.7012934599
1487413.7012934599
1487413.7012934599
1487413.7012934599
1487413.7012934599
1487413.7012934599
1487413.7012934599
1487413.7012934599
1487413.7012934599
1487413.7012934599
1487413.7012934599
1487413.7012934599
1482596.2530272466
1482596.2530272466
1482596.2530272466
1482596.2530272466
1482596.2530272466
1482596.2530272466
1482596.2530272466
1482596.2530272466
1482596.2530272466
1481473.986454391
1481473.986454391
1481473.986454391
1481473.986454391
1481473.986454391
1450915.5652497415
1450915.5652497415
1450915.5652497415
1450915.5652497415
1450915.5652497415
1450915.5652497415
1450915.5652497415
1450915.5652497415
1450915.5652497415
1450915.5652497415
1450915.5652497415
1450915.5652497415
1450915.5652497415
1450915.5652497415
1450915.5652497415
1450915.5652497415
1450915.5652497415
1450915.5652497415
1450915.5652497415
1450915.5652497415
1450915.5652497415
1450915.5652497415
1450915.5652497415
1450915.5652497415
1450915.5652497415
1450915.5652497415
1450915.5652497415
1450915.5652497415
1450915.5652497415
1450915.5652497415
1450915.5652497415
1450915.5652497415
1450915.5652497415
1450915.5652497415
1450915.5652497415
1450915.5652497415
1450915.5652497415
1450915.5652497415
1450915.5652497415
1450915.5652497415
1450915.5652497415
1450915.5652497415
1450915.5652497415
1450915.5652497415
1450915.5652497415
1450915.5652497415
1450915.5652497415
1450915.5652497415
1450915.5652497415
1450915.5652497415
1450915.5652497415
1450915.5652497415
1450915.5652497415
1450915.5652497415
1450915.5652497415
1450915.5652497415
1450915.5652497415
1450915.5652497415
1450915.5652497415
1450915.5652497415
1450915.5652497415
1450915.5652497415
1450915.5652497415
1450915.5652497415
1450915.5652497415
1450915.5652497415
1450915.5652497415
1450915.5652497415
1450915.5652497415
1450915.5652497415
1450915.5652497415
1450915.5652497415
1450915.5652497415
1450915.5652497415
1450915.5652497415
1450915.5652497415
1450915.5652497415
1450915.5652497415
1450915.5652497415
1450915.5652497415
1450915.5652497415
1450915.5652497415
1450915.5652497415
1450915.5652497415
1450915.5652497415
1450915.5652497415
1450915.5652497415
1450915.5652497415
1450915.5652497415
1450915.5652497415
1450915.5652497415
1450915.5652497415
1450915.5652497415
1450915.5652497415
1450915.5652497415
1450915.5652497415
1450915.5652497415
1450915.5652497415
1450915.5652497415
1450915.5652497415
1450915.5652497415
1450915.5652497415
1450915.5652497415
1450915.5652497415
1450915.5652497415
1450915.5652497415
1450915.5652497415
1450915.5652497415
1450915.5652497415
1450915.5652497415
1450915.5652497415
1450915.5652497415
1450915.5652497415
1450915.5652497415
1450915.5652497415
1450915.5652497415
1450915.5652497415
1450915.5652497415
1450915.5652497415
1450915.5652497415
1450915.5652497415
1450915.5652497415
1450915.5652497415
1450915.5652497415
1450915.5652497415
1450915.5652497415
1450915.5652497415
1450915.5652497415
1450915.5652497415
1450915.5652497415
1450915.5652497415
1450915.5652497415
1450915.5652497415
1450915.5652497415
1450915.5652497415
1450915.5652497415
1450915.5652497415
1450915.5652497415
1450915.5652497415
1450915.5652497415
1447938.4284095885
1447938.4284095885
1447938.4284095885
1447938.4284095885
1447938.4284095885
1447938.4284095885
1447938.4284095885
1447938.4284095885
1447938.4284095885
1447938.4284095885
1447938.4284095885
1447938.4284095885
1447938.4284095885
1447938.4284095885
1447938.4284095885
1447938.4284095885
1447938.4284095885
1447938.4284095885
1447938.4284095885
1447938.4284095885
1447938.4284095885
1447938.4284095885
1447938.4284095885
1447938.4284095885
1447938.4284095885
1447938.4284095885
1447938.4284095885
1447938.4284095885
1447938.4284095885
1447938.4284095885
1447938.4284095885
1447938.4284095885
1447938.4284095885
1447938.4284095885
1447938.4284095885
1447938.4284095885
1447938.4284095885
1447938.4284095885
1447938.4284095885
1447938.4284095885
1447938.4284095885
1447938.4284095885
1447938.4284095885
1447938.4284095885
1447938.4284095885
1447938.4284095885
1447938.4284095885
1447938.4284095885
1447938.4284095885
1447938.4284095885
1447938.4284095885
1447938.4284095885
1447938.4284095885
1447938.4284095885
1447938.4284095885
1447938.4284095885
1447938.4284095885
1447938.4284095885
1447938.4284095885
1447938.4284095885
1447938.4284095885
1447938.4284095885
1447938.4284095885
1447938.4284095885
1447938.4284095885
1447938.4284095885
1447938.4284095885
1447938.4284095885
1447938.4284095885
1447938.4284095885
1447938.4284095885
1361474.8432452609
1361474.8432452609
1361474.8432452609
1361474.8432452609
1347234.3208400826
1347234.3208400826
1347234.3208400826
1347234.3208400826
1316863.6663849293
1313050.6680161778
1313050.6680161778
1313050.6680161778
1304568.4773088992
1304568.4773088992
1304568.4773088992
1304568.4773088992
1298902.7373090014
1288520.963058923
1288520.963058923
1288520.963058923
1288520.963058923
1288520.963058923
1288520.963058923
1288520.963058923
1288520.963058923
1278674.4543712144
1278674.4543712144
1278674.4543712144
1261354.4435431145
1261354.4435431145
1261354.4435431145
1261354.4435431145
1261354.4435431145
1261354.4435431145
1261354.4435431145
1261354.4435431145
1261354.4435431145
1261354.4435431145
1261354.4435431145
1261354.4435431145
1261354.4435431145
1261354.4435431145
1261354.4435431145
1261354.4435431145
1261354.4435431145
1261354.4435431145
1261354.4435431145
1261354.4435431145
1261354.4435431145
1261354.4435431145
1261354.4435431145
1261354.4435431145
1261354.4435431145
1261354.4435431145
1261354.4435431145
1261354.4435431145
1261354.4435431145
1261354.4435431145
1261354.4435431145
1261354.4435431145
1261354.4435431145
1261354.4435431145
1261354.4435431145
1261354.4435431145
1261354.4435431145
1261354.4435431145
1261354.4435431145
1261354.4435431145
1261354.4435431145
1261354.4435431145
1261354.4435431145
1261354.4435431145
1261354.4435431145
1261354.4435431145
1261354.4435431145
1261354.4435431145
1261354.4435431145
1261354.4435431145
1261354.4435431145
1261354.4435431145
1261354.4435431145
1261354.4435431145
1261354.4435431145
1261354.4435431145
1261354.4435431145
1261354.4435431145
1261354.4435431145
1261354.4435431145
1261354.4435431145
1261354.4435431145
1261354.4435431145
1261354.4435431145
1261354.4435431145
1261354.4435431145
1261354.4435431145
1261354.4435431145
1261354.4435431145
1261354.4435431145
1261354.4435431145
1261354.4435431145
1261354.4435431145
1261354.4435431145
1261354.4435431145
1261354.4435431145
1261354.4435431145
1261354.4435431145
1261354.4435431145
1261354.4435431145
1261354.4435431145
1261354.4435431145
1261354.4435431145
1261354.4435431145
1261354.4435431145
1261354.4435431145
1261354.4435431145
1261354.4435431145
1261354.4435431145
1261354.4435431145
1261354.4435431145
1261354.4435431145
1261354.4435431145
1261354.4435431145
1261354.4435431145
1261354.4435431145
1261354.4435431145
1261354.4435431145
1261354.4435431145
1261354.4435431145
1261354.4435431145
1261354.4435431145
1261354.4435431145
1261354.4435431145
1261354.4435431145
1261354.4435431145
1261354.4435431145
1261354.4435431145
1261354.4435431145
1261354.4435431145
1261354.4435431145
1261354.4435431145
1261354.4435431145
1261354.4435431145
1261354.4435431145
1261354.4435431145
1261354.4435431145
1261354.4435431145
1261354.4435431145
1261354.4435431145
1261354.4435431145
1261354.4435431145
1261354.4435431145
1261354.4435431145
1261354.4435431145
1261354.4435431145
1261354.4435431145
1261354.4435431145
1261354.4435431145
1261354.4435431145
1261354.4435431145
1261354.4435431145
1261354.4435431145
1261354.4435431145
1261354.4435431145
1261354.4435431145
1261354.4435431145
1261354.4435431145
1261354.4435431145
1261354.4435431145
1261354.4435431145
1261354.4435431145
1261354.4435431145
1261354.4435431145
1261354.4435431145
1261354.4435431145
1261354.4435431145
1261354.4435431145
1261354.4435431145
1261354.4435431145
1261354.4435431145
1261354.4435431145
1261354.4435431145
1259690.8768736084
1259690.8768736084
1259690.8768736084
1259690.8768736084
1259690.8768736084
1259690.8768736084
1259690.8768736084
1259690.8768736084
1259690.8768736084
1259690.8768736084
1259690.8768736084
1259690.8768736084
1259690.8768736084
1259690.8768736084
1259690.8768736084
1259690.8768736084
1259690.8768736084
1259690.8768736084
1259690.8768736084
1259690.8768736084
1259690.8768736084
1259690.8768736084
1259690.8768736084
1259690.8768736084
1259690.8768736084
1259690.8768736084
1259690.8768736084
1259690.8768736084
1259690.8768736084
1259690.8768736084
1259690.8768736084
1259690.8768736084
1259690.8768736084
1259690.8768736084
1259690.8768736084
1259690.8768736084
1259690.8768736084
1259690.8768736084
1259690.8768736084
1259690.8768736084
1259690.8768736084
1259690.8768736084
1259690.8768736084
1259690.8768736084
1259690.8768736084
1259690.8768736084
1259690.8768736084
1259690.8768736084
1259690.8768736084
1259690.8768736084
1259690.8768736084
1259690.8768736084
1259690.8768736084
1259690.8768736084
1259690.8768736084
1259690.8768736084
1259690.8768736084
1259690.8768736084
1259690.8768736084
1259690.8768736084
1259690.8768736084
1259690.8768736084
1259690.8768736084
1259690.8768736084
1259690.8768736084
1259690.8768736084
1259690.8768736084
1259690.8768736084
1259690.8768736084
1259690.8768736084
1259690.8768736084
1259690.8768736084
1256840.0471500529
1256840.0471500529
1256840.0471500529
1256840.0471500529
1256840.0471500529
1256840.0471500529
1256840.0471500529
1256840.0471500529
1256840.0471500529
1256840.0471500529
1256840.0471500529
1256840.0471500529
1256840.0471500529
1256840.0471500529
1256840.0471500529
1256840.0471500529
1256840.0471500529
1256840.0471500529
1256840.0471500529
1256840.0471500529
1256840.0471500529
1256840.0471500529
1256840.0471500529
1256840.0471500529
1256840.0471500529
1256840.0471500529
1256840.0471500529
1256840.0471500529
1256840.0471500529
1256840.0471500529
1256840.0471500529
1256840.0471500529
1256840.0471500529
1256840.0471500529
1256840.0471500529
1256840.0471500529
1256840.0471500529
1256840.0471500529
1256840.0471500529
1256840.0471500529
1256840.0471500529
1256840.0471500529
1256840.0471500529
1256840.0471500529
1256840.0471500529
1256840.0471500529
1256840.0471500529
1256840.0471500529
1256840.0471500529
1256840.0471500529
1256840.0471500529
1256840.0471500529
1256840.0471500529
1256840.0471500529
1256840.0471500529
1256840.0471500529
1256840.0471500529
1256840.0471500529
1256840.0471500529
1256840.0471500529
1256840.0471500529
1256840.0471500529
1256840.0471500529
1256840.0471500529
1256840.0471500529
1256840.0471500529
1256840.0471500529
1256840.0471500529
1256840.0471500529
1256840.0471500529
1256840.0471500529
1256840.0471500529
1256840.0471500529
1256840.0471500529
1256840.0471500529
1256840.0471500529
1256840.0471500529
1256840.0471500529
1256840.0471500529
1256840.0471500529
1256840.0471500529
1256840.0471500529
1256840.0471500529
1256840.0471500529
1256840.0471500529
1256840.0471500529
1256840.0471500529
1256840.0471500529
1256840.0471500529
1256840.0471500529
1256840.0471500529
1256840.0471500529
1256840.0471500529
1256840.0471500529
1256840.0471500529
1256840.0471500529
1256840.0471500529
1256840.0471500529
1256840.0471500529
1256840.0471500529
1256840.0471500529
1256840.0471500529
1256840.0471500529
1256840.0471500529
1256840.0471500529
1256840.0471500529
1256840.0471500529
1256840.0471500529
1256840.0471500529
1256840.0471500529
1256840.0471500529
1256840.0471500529
1256840.0471500529
1256840.0471500529
1256840.0471500529
1256840.0471500529
1256840.0471500529
1256840.0471500529
1256840.0471500529
1256840.0471500529
1256840.0471500529
1256840.0471500529
1256840.0471500529
1256840.0471500529
1256840.0471500529
1256840.0471500529
1256840.0471500529
1256840.0471500529
1256840.0471500529
1256840.0471500529
1256840.0471500529
1256840.0471500529
1256840.0471500529
1256840.0471500529
1256840.0471500529
1256840.0471500529
1256840.0471500529
1256840.0471500529
1256840.0471500529
1256840.0471500529
1256840.0471500529
1256840.0471500529
1256840.0471500529
1256840.0471500529
1256840.0471500529
1256840.0471500529
1256840.0471500529
1252759.952619845
1252759.952619845
1252759.952619845
1252759.952619845
1252759.952619845
1252759.952619845
1252759.952619845
1252759.952619845
1252759.952619845
1252759.952619845
1252759.952619845
1252759.952619845
1252759.952619845
1252759.952619845
1252759.952619845
1252759.952619845
1252759.952619845
1252759.952619845
1252759.952619845
1252759.952619845
1252759.952619845
1252759.952619845
1252759.952619845
1252759.952619845
1252759.952619845
1252759.952619845
1252759.952619845
1252759.952619845
1252759.952619845
1252759.952619845
1252759.952619845
1252759.952619845
1252759.952619845
1252759.952619845
1252759.952619845
1252759.952619845
1252759.952619845
1252759.952619845
1252759.952619845
1252759.952619845
1252759.952619845
1252759.952619845
1252759.952619845
1252759.952619845
1252759.952619845
1252759.952619845
1252759.952619845
1252759.952619845
1252759.952619845
1252759.952619845
1252759.952619845
1252759.952619845
1252759.952619845
1252759.952619845
1252759.952619845
1252759.952619845
1252759.952619845
1252759.952619845
1252759.952619845
1252759.952619845
1252759.952619845
1252759.952619845
1252759.952619845
1252759.952619845
1252759.952619845
1252759.952619845
1252759.952619845
1252759.952619845
1252759.952619845
1252759.952619845
1252759.952619845
1252759.952619845
1252759.952619845
1252759.952619845
1252759.952619845
1252759.952619845
1252759.952619845
1252759.952619845
1252759.952619845
1252759.952619845
1252759.952619845
1252759.952619845
1252759.952619845
1252759.952619845
1252759.952619845
1252759.952619845
1252759.952619845
1252759.952619845
1252759.952619845
1252759.952619845
1252759.952619845
1252759.952619845
1252759.952619845
1252759.952619845
1252759.952619845
1252759.952619845
1252759.952619845
1252759.952619845
1252759.952619845
1252759.952619845
1252759.952619845
1252759.952619845
1252759.952619845
1252759.952619845
1252759.952619845
1252759.952619845
1252759.952619845
1252759.952619845
1252759.952619845
1252759.952619845
1252759.952619845
1252759.952619845
1252759.952619845
1252759.952619845
1252759.952619845
1252759.952619845
1252759.952619845
1252759.952619845
1252759.952619845
1252759.952619845
1252759.952619845
1252759.952619845
1252759.952619845
1252759.952619845
1252759.952619845
1252759.952619845
1252759.952619845
1252759.952619845
1252759.952619845
1252759.952619845
1252759.952619845
1252759.952619845
1252759.952619845
1252759.952619845
1252759.952619845
1252759.952619845
1252759.952619845
1252759.952619845
1252759.952619845
1252759.952619845
1252759.952619845
1252759.952619845
1252759.952619845
1252759.952619845
1252759.952619845
1252759.952619845
1252759.952619845
1252759.952619845
1252759.952619845
1252759.952619845
1252759.952619845
1252759.952619845
1252759.952619845
1252759.952619845
1252759.952619845
1252759.952619845
1252759.952619845
1252759.952619845
1252759.952619845
1252759.952619845
1252759.952619845
1252759.952619845
1252759.952619845
1252759.952619845
1252759.952619845
1252759.952619845
1252759.952619845
1252759.952619845
1252759.952619845
1252759.952619845
1252759.952619845
1252759.952619845
1252759.952619845
1252759.952619845
1252759.952619845
1252759.952619845
1252759.952619845
1252759.952619845
1252759.952619845
1252759.952619845
1252759.952619845
1252759.952619845
1252759.952619845
1252759.952619845
1252759.952619845
1252759.952619845
1252759.952619845
1252759.952619845
1252759.952619845
1252759.952619845
1252759.952619845
1252759.952619845
1252759.952619845
1252759.952619845
1252759.952619845
1252759.952619845
1252759.952619845
1252759.952619845
1252759.952619845
1252759.952619845
1252759.952619845
1252759.952619845
1252759.952619845
1252759.952619845
1252759.952619845
1252759.952619845
1252759.952619845
1252759.952619845
1252759.952619845
1252759.952619845
1252759.952619845
1252759.952619845
1252759.952619845
1252759.952619845
1252759.952619845
1252759.952619845
1252759.952619845
1252759.952619845
1252759.952619845
1252759.952619845
1252759.952619845
1252759.952619845
1252759.952619845
1252759.952619845
1252759.952619845
1252759.952619845
1252759.952619845
1252759.952619845
1252759.952619845
1252759.952619845
1252759.952619845
1252759.952619845
1252759.952619845
1252759.952619845
1252759.952619845
1252759.952619845
1252759.952619845
1252759.952619845
1252759.952619845
1252759.952619845
1252759.952619845
1252759.952619845
1252759.952619845
1252759.952619845
1252759.952619845
1252759.952619845
1252759.952619845
1252759.952619845
1252759.952619845
1252759.952619845
1252759.952619845
1252759.952619845
1252759.952619845
1252759.952619845
1252759.952619845
1252759.952619845
1252759.952619845
1252759.952619845
1252759.952619845
1252759.952619845
1252759.952619845
1252759.952619845
1252759.952619845
1252759.952619845
1252759.952619845
1252759.952619845
1252759.952619845
1252759.952619845
1252759.952619845
1252759.952619845
1252759.952619845
1252759.952619845
1252759.952619845
1252759.952619845
1252759.952619845
1252759.952619845
1252759.952619845
1252759.952619845
1252759.952619845
1252759.952619845
1252759.952619845
1252759.952619845
1252759.952619845
1252759.952619845
1252759.952619845
1252759.952619845
1252759.952619845
1252759.952619845
1252759.952619845
1252759.952619845
1252759.952619845
1252759.952619845
1252759.952619845
1252759.952619845
1252759.952619845
1252759.952619845
1252759.952619845
1252759.952619845
1252759.952619845
1252759.952619845
1252759.952619845
1252759.952619845
1252759.952619845
1252759.952619845
1252759.952619845
1252759.952619845
1252759.952619845
1252759.952619845
1252759.952619845
1252759.952619845
1252759.952619845
1252759.952619845
1252759.952619845
1252759.952619845
1252759.952619845
1252759.952619845
1252759.952619845
1252759.952619845
1252759.952619845
1252759.952619845
1252759.952619845
1252759.952619845
1252759.952619845
1252759.952619845
1252759.952619845
1252759.952619845
1252759.952619845
1252759.952619845
1252759.952619845
1252759.952619845
1252759.952619845
#EXPERIMENT:10
2660611.3399430634
2660611.3399430634
2660611.3399430634
2660611.3399430634
2660611.3399430634
2660611.3399430634
2660611.3399430634
2660611.3399430634
2660611.3399430634
2660611.3399430634
2660611.3399430634
2660611.3399430634
2656520.6473756274
2656520.6473756274
2656520.6473756274
2656520.6473756274
2651378.277411203
2651378.277411203
2651378.277411203
2439695.1337136864
2439695.1337136864
2439695.1337136864
2439695.1337136864
2439695.1337136864
2439695.1337136864
1329393.0976262582
1329393.0976262582
1329393.0976262582
1329393.0976262582
1329393.0976262582
1329393.0976262582
1329393.0976262582
1240774.3342821372
1029968.8239329912
1029968.8239329912
1029968.8239329912
1029968.8239329912
1029968.8239329912
1029968.8239329912
996390.1699483887
996390.1699483887
996390.1699483887
996390.1699483887
984473.9430410677
984473.9430410677
984473.9430410677
963536.6983628463
963536.6983628463
963536.6983628463
963536.6983628463
963536.6983628463
963536.6983628463
963536.6983628463
963536.6983628463
963042.1725310395
963042.1725310395
963042.1725310395
963042.1725310395
963042.1725310395
957082.8651390583
957082.8651390583
957082.8651390583
957082.8651390583
952024.2413280196
952024.2413280196
952024.2413280196
952024.2413280196
952024.2413280196
930124.9088844525
930124.9088844525
930124.9088844525
930124.9088844525
930124.9088844525
930124.9088844525
930124.9088844525
930124.9088844525
930124.9088844525
930124.9088844525
930124.9088844525
930124.9088844525
930124.9088844525
930124.9088844525
930124.9088844525
923107.1712379585
923107.1712379585
900750.2062898723
900750.2062898723
900750.2062898723
900750.2062898723
900750.2062898723
900750.2062898723
900750.2062898723
900750.2062898723
898245.0235305784
898245.0235305784
879373.6885533205
879373.6885533205
879373.6885533205
879373.6885533205
879373.6885533205
879373.6885533205
879373.6885533205
879373.6885533205
879373.6885533205
879373.6885533205
879373.6885533205
879373.6885533205
879373.6885533205
879373.6885533205
879373.6885533205
879373.6885533205
879373.6885533205
879373.6885533205
879373.6885533205
879373.6885533205
879373.6885533205
879373.6885533205
879373.6885533205
879373.6885533205
879373.6885533205
879373.6885533205
879373.6885533205
877935.9927325957
877935.9927325957
877935.9927325957
877935.9927325957
877935.9927325957
877935.9927325957
877935.9927325957
877935.9927325957
877935.9927325957
877935.9927325957
877935.9927325957
857461.3005472259
857461.3005472259
857461.3005472259
857461.3005472259
857461.3005472259
857461.3005472259
857461.3005472259
857461.3005472259
857461.3005472259
857003.2738733187
857003.2738733187
857003.2738733187
857003.2738733187
857003.2738733187
857003.2738733187
857003.2738733187
857003.2738733187
857003.2738733187
857003.2738733187
857003.2738733187
857003.2738733187
857003.2738733187
857003.2738733187
857003.2738733187
857003.2738733187
857003.2738733187
857003.2738733187
857003.2738733187
857003.2738733187
857003.2738733187
857003.2738733187
857003.2738733187
857003.2738733187
857003.2738733187
857003.2738733187
857003.2738733187
857003.2738733187
857003.2738733187
857003.2738733187
857003.2738733187
857003.2738733187
857003.2738733187
850519.834402363
850519.834402363
850519.834402363
850519.834402363
850519.834402363
850519.834402363
850519.834402363
850519.834402363
850519.834402363
850519.834402363
850519.834402363
850519.834402363
850519.834402363
850519.834402363
850519.834402363
850519.834402363
850519.834402363
850519.834402363
850519.834402363
850519.834402363
850519.834402363
850519.834402363
850519.834402363
850519.834402363
850519.834402363
850519.834402363
850519.834402363
850519.834402363
850519.834402363
850519.834402363
850519.834402363
850519.834402363
850519.834402363
850519.834402363
850519.834402363
850519.834402363
850519.834402363
850519.834402363
850519.834402363
850519.834402363
844689.4906487095
844689.4906487095
838773.4937978084
838773.4937978084
838773.4937978084
838773.4937978084
838773.4937978084
838773.4937978084
838773.4937978084
838773.4937978084
838773.4937978084
838773.4937978084
838773.4937978084
838773.4937978084
838773.4937978084
838773.4937978084
838773.4937978084
838773.4937978084
838773.4937978084
838773.4937978084
838773.4937978084
838773.4937978084
838773.4937978084
838773.4937978084
838773.4937978084
838773.4937978084
838773.4937978084
838773.4937978084
838773.4937978084
838773.4937978084
838773.4937978084
838773.4937978084
838773.4937978084
838773.4937978084
838773.4937978084
838773.4937978084
838773.4937978084
838773.4937978084
838773.4937978084
838773.4937978084
838773.4937978084
838773.4937978084
838773.4937978084
838773.4937978084
838773.4937978084
838773.4937978084
838773.4937978084
838773.4937978084
838773.4937978084
838773.4937978084
838773.4937978084
838773.4937978084
838773.4937978084
835003.2557773942
835003.2557773942
835003.2557773942
835003.2557773942
835003.2557773942
835003.2557773942
835003.2557773942
835003.2557773942
835003.2557773942
835003.2557773942
835003.2557773942
835003.2557773942
835003.2557773942
835003.2557773942
835003.2557773942
835003.2557773942
835003.2557773942
835003.2557773942
835003.2557773942
835003.2557773942
835003.2557773942
835003.2557773942
835003.2557773942
835003.2557773942
835003.2557773942
835003.2557773942
835003.2557773942
835003.2557773942
835003.2557773942
835003.2557773942
835003.2557773942
835003.2557773942
835003.2557773942
835003.2557773942
835003.2557773942
835003.2557773942
835003.2557773942
835003.2557773942
835003.2557773942
835003.2557773942
835003.2557773942
835003.2557773942
835003.2557773942
835003.2557773942
835003.2557773942
835003.2557773942
835003.2557773942
835003.2557773942
835003.2557773942
835003.2557773942
835003.2557773942
835003.2557773942
835003.2557773942
835003.2557773942
835003.2557773942
835003.2557773942
835003.2557773942
835003.2557773942
835003.2557773942
835003.2557773942
835003.2557773942
835003.2557773942
835003.2557773942
835003.2557773942
835003.2557773942
835003.2557773942
835003.2557773942
835003.2557773942
835003.2557773942
835003.2557773942
835003.2557773942
835003.2557773942
835003.2557773942
835003.2557773942
835003.2557773942
835003.2557773942
835003.2557773942
835003.2557773942
835003.2557773942
835003.2557773942
835003.2557773942
835003.2557773942
835003.2557773942
835003.2557773942
835003.2557773942
835003.2557773942
835003.2557773942
835003.2557773942
835003.2557773942
835003.2557773942
835003.2557773942
835003.2557773942
835003.2557773942
835003.2557773942
835003.2557773942
835003.2557773942
835003.2557773942
835003.2557773942
835003.2557773942
835003.2557773942
835003.2557773942
835003.2557773942
835003.2557773942
835003.2557773942
835003.2557773942
835003.2557773942
835003.2557773942
835003.2557773942
835003.2557773942
835003.2557773942
835003.2557773942
835003.2557773942
835003.2557773942
835003.2557773942
835003.2557773942
835003.2557773942
835003.2557773942
835003.2557773942
835003.2557773942
835003.2557773942
835003.2557773942
835003.2557773942
835003.2557773942
835003.2557773942
835003.2557773942
835003.2557773942
835003.2557773942
835003.2557773942
835003.2557773942
835003.2557773942
835003.2557773942
835003.2557773942
835003.2557773942
835003.2557773942
835003.2557773942
835003.2557773942
835003.2557773942
835003.2557773942
835003.2557773942
835003.2557773942
835003.2557773942
835003.2557773942
835003.2557773942
835003.2557773942
835003.2557773942
835003.2557773942
835003.2557773942
835003.2557773942
835003.2557773942
835003.2557773942
835003.2557773942
835003.2557773942
835003.2557773942
835003.2557773942
835003.2557773942
835003.2557773942
835003.2557773942
835003.2557773942
835003.2557773942
835003.2557773942
835003.2557773942
835003.2557773942
835003.2557773942
835003.2557773942
835003.2557773942
835003.2557773942
835003.2557773942
835003.2557773942
835003.2557773942
835003.2557773942
835003.2557773942
835003.2557773942
835003.2557773942
835003.2557773942
835003.2557773942
835003.2557773942
835003.2557773942
835003.2557773942
835003.2557773942
835003.2557773942
835003.2557773942
835003.2557773942
835003.2557773942
835003.2557773942
835003.2557773942
835003.2557773942
835003.2557773942
835003.2557773942
835003.2557773942
835003.2557773942
835003.2557773942
835003.2557773942
835003.2557773942
835003.2557773942
835003.2557773942
835003.2557773942
835003.2557773942
835003.2557773942
835003.2557773942
835003.2557773942
835003.2557773942
835003.2557773942
835003.2557773942
835003.2557773942
835003.2557773942
835003.2557773942
835003.2557773942
835003.2557773942
835003.2557773942
835003.2557773942
835003.2557773942
835003.2557773942
835003.2557773942
835003.2557773942
835003.2557773942
835003.2557773942
835003.2557773942
835003.2557773942
835003.2557773942
835003.2557773942
835003.2557773942
835003.2557773942
835003.2557773942
835003.2557773942
835003.2557773942
835003.2557773942
835003.2557773942
835003.2557773942
835003.2557773942
835003.2557773942
835003.2557773942
835003.2557773942
835003.2557773942
835003.2557773942
835003.2557773942
835003.2557773942
835003.2557773942
835003.2557773942
835003.2557773942
835003.2557773942
835003.2557773942
835003.2557773942
835003.2557773942
835003.2557773942
835003.2557773942
835003.2557773942
835003.2557773942
835003.2557773942
835003.2557773942
835003.2557773942
835003.2557773942
835003.2557773942
835003.2557773942
835003.2557773942
835003.2557773942
835003.2557773942
835003.2557773942
835003.2557773942
835003.2557773942
835003.2557773942
835003.2557773942
835003.2557773942
835003.2557773942
835003.2557773942
835003.2557773942
835003.2557773942
835003.2557773942
835003.2557773942
835003.2557773942
835003.2557773942
835003.2557773942
835003.2557773942
835003.2557773942
835003.2557773942
835003.2557773942
835003.2557773942
835003.2557773942
835003.2557773942
835003.2557773942
835003.2557773942
835003.2557773942
835003.2557773942
835003.2557773942
835003.2557773942
835003.2557773942
835003.2557773942
835003.2557773942
835003.2557773942
835003.2557773942
835003.2557773942
835003.2557773942
835003.2557773942
835003.2557773942
835003.2557773942
835003.2557773942
835003.2557773942
835003.2557773942
835003.2557773942
835003.2557773942
835003.2557773942
835003.2557773942
835003.2557773942
835003.2557773942
835003.2557773942
835003.2557773942
835003.2557773942
835003.2557773942
835003.2557773942
835003.2557773942
835003.2557773942
835003.2557773942
835003.2557773942
835003.2557773942
835003.2557773942
835003.2557773942
835003.2557773942
835003.2557773942
835003.2557773942
835003.2557773942
835003.2557773942
835003.2557773942
835003.2557773942
835003.2557773942
835003.2557773942
835003.2557773942
835003.2557773942
835003.2557773942
835003.2557773942
835003.2557773942
835003.2557773942
835003.2557773942
835003.2557773942
835003.2557773942
835003.2557773942
835003.2557773942
835003.2557773942
835003.2557773942
835003.2557773942
835003.2557773942
835003.2557773942
835003.2557773942
835003.2557773942
835003.2557773942
835003.2557773942
835003.2557773942
835003.2557773942
835003.2557773942
835003.2557773942
835003.2557773942
835003.2557773942
835003.2557773942
835003.2557773942
835003.2557773942
835003.2557773942
835003.2557773942
835003.2557773942
835003.2557773942
835003.2557773942
835003.2557773942
835003.2557773942
835003.2557773942
835003.2557773942
835003.2557773942
835003.2557773942
835003.2557773942
835003.2557773942
835003.2557773942
835003.2557773942
835003.2557773942
835003.2557773942
835003.2557773942
835003.2557773942
835003.2557773942
835003.2557773942
835003.2557773942
835003.2557773942
835003.2557773942
835003.2557773942
835003.2557773942
835003.2557773942
835003.2557773942
835003.2557773942
835003.2557773942
835003.2557773942
835003.2557773942
835003.2557773942
835003.2557773942
835003.2557773942
835003.2557773942
835003.2557773942
835003.2557773942
835003.2557773942
835003.2557773942
835003.2557773942
835003.2557773942
835003.2557773942
835003.2557773942
835003.2557773942
835003.2557773942
835003.2557773942
835003.2557773942
835003.2557773942
835003.2557773942
835003.2557773942
835003.2557773942
835003.2557773942
835003.2557773942
835003.2557773942
835003.2557773942
835003.2557773942
835003.2557773942
835003.2557773942
835003.2557773942
835003.2557773942
835003.2557773942
835003.2557773942
835003.2557773942
835003.2557773942
835003.2557773942
835003.2557773942
835003.2557773942
835003.2557773942
835003.2557773942
835003.2557773942
835003.2557773942
835003.2557773942
835003.2557773942
835003.2557773942
835003.2557773942
835003.2557773942
835003.2557773942
835003.2557773942
835003.2557773942
835003.2557773942
835003.2557773942
835003.2557773942
835003.2557773942
835003.2557773942
835003.2557773942
835003.2557773942
835003.2557773942
835003.2557773942
835003.2557773942
835003.2557773942
835003.2557773942
835003.2557773942
835003.2557773942
835003.2557773942
835003.2557773942
835003.2557773942
835003.2557773942
835003.2557773942
835003.2557773942
835003.2557773942
835003.2557773942
835003.2557773942
835003.2557773942
835003.2557773942
835003.2557773942
835003.2557773942
835003.2557773942
835003.2557773942
835003.2557773942
835003.2557773942
835003.2557773942
835003.2557773942
835003.2557773942
835003.2557773942
835003.2557773942
835003.2557773942
835003.2557773942
835003.2557773942
835003.2557773942
835003.2557773942
835003.2557773942
835003.2557773942
835003.2557773942
835003.2557773942
835003.2557773942
835003.2557773942
835003.2557773942
835003.2557773942
835003.2557773942
835003.2557773942
835003.2557773942
835003.2557773942
835003.2557773942
835003.2557773942
835003.2557773942
835003.2557773942
835003.2557773942
835003.2557773942
835003.2557773942
835003.2557773942
835003.2557773942
835003.2557773942
835003.2557773942
835003.2557773942
835003.2557773942
835003.2557773942
835003.2557773942
835003.2557773942
835003.2557773942
835003.2557773942
835003.2557773942
835003.2557773942
835003.2557773942
835003.2557773942
835003.2557773942
835003.2557773942
835003.2557773942
835003.2557773942
835003.2557773942
835003.2557773942
835003.2557773942
835003.2557773942
835003.2557773942
835003.2557773942
835003.2557773942
835003.2557773942
835003.2557773942
835003.2557773942
835003.2557773942
835003.2557773942
835003.2557773942
835003.2557773942
835003.2557773942
801141.0398890411
801141.0398890411
801141.0398890411
801141.0398890411
801141.0398890411
682404.1439553096
682404.1439553096
682404.1439553096
682404.1439553096
682404.1439553096
682404.1439553096
682404.1439553096
682404.1439553096
682404.1439553096
682404.1439553096
682404.1439553096
682404.1439553096
651541.5430783135
651541.5430783135
651541.5430783135
651541.5430783135
651541.5430783135
651541.5430783135
651541.5430783135
651541.5430783135
651541.5430783135
651541.5430783135
651541.5430783135
651541.5430783135
651541.5430783135
651541.5430783135
651541.5430783135
651541.5430783135
651541.5430783135
651541.5430783135
651541.5430783135
651541.5430783135
651541.5430783135
651541.5430783135
651541.5430783135
651541.5430783135
651541.5430783135
651541.5430783135
651541.5430783135
651541.5430783135
651541.5430783135
651541.5430783135
651541.5430783135
651541.5430783135
651541.5430783135
651541.5430783135
651541.5430783135
651541.5430783135
651541.5430783135
651541.5430783135
651541.5430783135
651541.5430783135
651541.5430783135
651541.5430783135
651541.5430783135
651541.5430783135
651541.5430783135
651541.5430783135
651541.5430783135
651541.5430783135
651541.5430783135
651541.5430783135
651541.5430783135
651541.5430783135
651541.5430783135
651541.5430783135
651541.5430783135
651541.5430783135
651541.5430783135
651541.5430783135
651541.5430783135
651541.5430783135
651541.5430783135
651541.5430783135
651541.5430783135
651541.5430783135
651541.5430783135
651541.5430783135
651541.5430783135
651541.5430783135
651541.5430783135
651541.5430783135
651541.5430783135
651541.5430783135
651541.5430783135
651541.5430783135
651541.5430783135
651541.5430783135
645487.9328590683
645487.9328590683
645487.9328590683
645487.9328590683
645487.9328590683
645487.9328590683
645487.9328590683
635867.2969106494
635867.2969106494
635867.2969106494
635867.2969106494
635867.2969106494
628155.8886258239
628155.8886258239
628155.8886258239
628155.8886258239
628155.8886258239
628155.8886258239
628155.8886258239
628155.8886258239
628155.8886258239
628155.8886258239
628155.8886258239
628155.8886258239
628155.8886258239
628155.8886258239
628155.8886258239
628155.8886258239
618845.3009503594
618845.3009503594
618845.3009503594
618845.3009503594
618845.3009503594
618845.3009503594
618845.3009503594
618845.3009503594
618845.3009503594
618845.3009503594
618845.3009503594
618845.3009503594
618845.3009503594
618845.3009503594
618845.3009503594
618845.3009503594
618845.3009503594
618845.3009503594
618845.3009503594
618845.3009503594
618845.3009503594
618845.3009503594
618845.3009503594
618845.3009503594
618845.3009503594
618845.3009503594
618845.3009503594
618845.3009503594
618845.3009503594
618845.3009503594
618845.3009503594
618845.3009503594
618845.3009503594
618845.3009503594
618845.3009503594
618845.3009503594
618845.3009503594
618845.3009503594
618845.3009503594
618845.3009503594
618845.3009503594
618845.3009503594
618845.3009503594
618845.3009503594
618845.3009503594
617048.7456214023
617048.7456214023
617048.7456214023
617048.7456214023
617048.7456214023
604844.1406528242
604844.1406528242
604844.1406528242
604844.1406528242
604844.1406528242
596658.3955220775
596658.3955220775
596658.3955220775
596658.3955220775
596658.3955220775
596658.3955220775
596658.3955220775
596658.3955220775
596658.3955220775
596658.3955220775
596658.3955220775
596658.3955220775
596658.3955220775
596658.3955220775
596658.3955220775
596658.3955220775
596658.3955220775
596658.3955220775
596658.3955220775
596658.3955220775
596658.3955220775
596658.3955220775
596658.3955220775
596658.3955220775
596658.3955220775
596658.3955220775
596658.3955220775
596658.3955220775
